中成药名称,id
银杏叶注射制剂,0
参麦注射液,1
三七皂苷注射制剂,2
丹红注射液,3
疏血通注射液,4
生脉注射液,5
舒血宁注射液,6
血塞通注射液,7
丹参注射液,8
灯盏细辛注射制剂,9
黄芪注射液,10
银杏叶口服制剂,11
苦碟子注射液,12
红花注射液,13
川芎嗪,14
灯盏花素注射液,15
醒脑静注射液,16
参附注射液,17
香丹注射液,18
痰热清注射液,19
通心络胶囊,20
复方苦参注射液,21
冠心宁注射液,22
脉络宁注射液,23
天麻素,24
复方丹参滴丸,25
参芪扶正注射液,26
丹参酮ⅡA,27
复方丹参注射剂,28
虫草菌发酵制剂,29
注射用血塞通(冻干),30
艾迪注射液,31
血栓通注射液,32
麝香保心丸,33
脑心通胶囊,34
鸦胆子油乳注射液,35
炎琥宁注射剂,36
稳心颗粒,37
康艾注射液,38
刺五加注射液,39
注射用红花黄色素,40
注射用血栓通(冻干),41
丹参川芎嗪,42
复方丹参片,43
参松养心胶囊,44
参芎注射液,45
葛根素,46
云南白药胶囊,47
银杏叶片,48
清开灵注射液,49
尿毒清颗粒,50
速效救心丸,51
麻仁软胶囊,52
消炎利胆片,53
柴胡注射液,54
护肝片,55
复方丹参颗粒,56
丹参片,57
注射用丹参,58
养血清脑颗粒,59
复方鲜竹沥液,60
马栗种子提取物片,61
丹参粉针,62
冠心丹参滴丸,63
注射用血栓通,64
血脂康胶囊,65
灯盏细辛注射液,66
三七皂苷口服制剂,67
金水宝胶囊,68
喜炎平注射液,69
双黄连注射液,70
仙灵骨葆胶囊,71
地奥心血康胶囊,72
血塞通片,73
康复新液,74
苦黄注射液,75
复方当归注射液,76
华蟾素注射液,77
通便灵胶囊,78
地榆升白片,79
四磨汤口服液,80
血塞通软胶囊,81
香菇多糖注射液,82
注射用丹参多酚酸盐,83
血必净注射液,84
康莱特注射液,85
红花黄色素氯化钠注射液,86
珍菊降压片,87
十味龙胆花颗粒,88
雷公藤口服制剂,89
三七通舒胶囊,90
三金片,91
肺力咳合剂,92
茵栀黄注射液,93
护肝宁片,94
百令胶囊,95
舒肝宁注射液,96
消癌平注射液,97
脑安胶囊,98
消栓通络胶囊,99
祛风活络精,100
穿心莲注射液,101
麻仁丸,102
丹参滴注液,103
苁蓉通便口服液,104
松龄血脉康胶囊,105
强力定眩片,106
复方麝香注射液,107
养心氏片,108
便通胶囊,109
金荞麦片,110
复方血栓通胶囊,111
消痛贴膏,112
感冒清热颗粒,113
益血生胶囊,114
海昆肾喜胶囊,115
复方斑蝥胶囊,116
板蓝根颗粒,117
马应龙麝香痔疮膏,118
生血宁片,119
芪蓉润肠口服液,120
复方皂矾丸,121
蜜炼川贝枇杷膏,122
黄葵胶囊,123
金天格胶囊,124
诺迪康胶囊,125
贞芪扶正胶囊,126
益心舒胶囊,127
双黄连口服液,128
独一味胶囊,129
乌灵胶囊,130
消渴丸,131
黄豆苷元片,132
脉血康胶囊,133
伤科接骨片,134
益肝灵片,135
心宝丸,136
云南白药,137
新癀片,138
百乐眠胶囊,139
培元通脑胶囊,140
人参多糖注射液,141
心脑舒通胶囊,142
维C银翘片,143
活血止痛胶囊,144
六味安消胶囊,145
六味地黄丸,146
麻仁润肠丸,147
胆宁片,148
银丹心脑通软胶囊,149
清开灵颗粒,150
胆舒胶囊,151
灯盏生脉胶囊,152
养血饮口服液,153
大活络胶囊,154
强力枇杷露,155
注射用双黄连,156
喘可治注射液,157
七十味珍珠丸,158
糖脉康颗粒,159
复方芦荟胶囊,160
天丹通络胶囊,161
感冒灵颗粒,162
急支糖浆,163
甜梦胶囊,164
化瘀解毒汤,165
跌打散,166
全天麻胶囊,167
振源胶囊,168
双柏膏,169
七叶神安片,170
银杏叶胶囊,171
星瑙灵片,172
麻仁胶囊,173
参芪十一味颗粒,174
普乐安片,175
路路通注射液,176
排石颗粒,177
复方阿胶浆,178
复方益肝灵片,179
如意珍宝丸,180
健胃消食片,181
肾衰宁胶囊,182
心可舒片,183
血栓心脉宁胶囊,184
脑血康胶囊,185
肺力咳胶囊,186
热毒宁注射液,187
血府逐瘀胶囊,188
连花清瘟胶囊,189
胜利吉祥散,190
贞芪扶正颗粒,191
三金胶囊,192
心达康片,193
安神补脑液,194
血塞通胶囊,195
热淋清颗粒,196
血塞通分散片,197
脑安颗粒,198
胃苏颗粒,199
心血宁片,200
丹参滴丸,201
利肺片,202
血栓心脉宁片,203
咳特灵胶囊,204
六味能消胶囊,205
接骨七厘片,206
骨疏康颗粒,207
新清宁片,208
银丹心泰滴丸,209
新乐康片,210
榄香烯,211
舒眠胶囊,212
逐瘀通脉胶囊,213
地奥心血康软胶囊,214
银黄口服液,215
心元胶囊,216
复方活脑舒胶囊,217
消癌平片,218
独一味软胶囊,219
心脑欣胶囊,220
五酯片,221
肾炎康复片,222
银黄含片,223
骨康胶囊,224
盘龙七片,225
舒秘胶囊,226
当归片,227
参一胶囊,228
蟾酥注射液,229
丹香冠心注射液,230
锡类散,231
正柴胡饮颗粒,232
蓝芩口服液,233
二十五味珊瑚丸,234
参芪五味子片,235
平消胶囊,236
肾康注射液,237
大活络丸,238
狗皮膏,239
护肝颗粒,240
仁青芒觉,241
注射用清开灵(冻干),242
骨通贴膏,243
华佗再造丸,244
清脑复神液,245
天麻醒脑胶囊,246
心脑康胶囊,247
头痛宁胶囊,248
肠泰合剂,249
一清胶囊,250
金龙胶囊,251
咳喘宁口服液,252
腰痛宁胶囊,253
强骨胶囊,254
正清风痛宁注射液,255
五酯胶囊,256
云南白药膏,257
复方地龙胶囊,258
止咳祛痰颗粒,259
产复康颗粒,260
痛舒胶囊,261
前列康片,262
薯蓣皂苷口服制剂,263
普乐安胶囊,264
扎冲十三味丸,265
血栓通胶囊,266
二十五味珍珠丸,267
小柴胡颗粒,268
振源口服液,269
湿润烧伤膏,270
集成疗伤片,271
复明片,272
抗病毒颗粒,273
癃闭舒胶囊,274
宁泌泰胶囊,275
槐耳颗粒,276
活血通脉胶囊,277
颈复康颗粒,278
银黄颗粒,279
清开灵胶囊,280
薯蓣皂苷片,281
黄芪生脉饮,282
致康胶囊,283
活血止痛膏,284
三黄片,285
新血宝胶囊,286
得力生注射液,287
消痔灵注射液,288
利肝康片,289
益脉康片,290
芪参益气滴丸,291
灯盏花素片,292
阿胶强骨口服液,293
通迪胶囊,294
益心巴迪然吉布亚颗粒,295
炙甘草合剂,296
银盏心脉滴丸,297
抗病毒口服液,298
祛痰灵口服液,299
六神曲,300
麝香壮骨膏,301
克咳胶囊,302
莲必治注射液,303
桂龙咳喘宁胶囊,304
肛泰栓,305
普济痔疮栓,306
复方丹参丸,307
复方夏天无片,308
复方鳖甲软肝片,309
虎力散胶囊,310
六味安消散,311
十一味参芪片,312
冠心丹参颗粒,313
安神1号,314
生脉胶囊,315
金乌骨通胶囊,316
黄芪片,317
螺旋藻胶囊,318
迈之灵片,319
感冒清片,320
鸦胆子油口服乳液,321
绞股蓝总甙片,322
中风回春丸,323
王氏保赤丸,324
九华膏,325
蛇胆川贝液,326
黄芩片,327
云南白药气雾剂,328
痹祺胶囊,329
黄杨宁片,330
枣仁安神胶囊,331
尿感宁颗粒,332
川黄口服液,333
西黄胶囊,334
复方枣仁胶囊,335
茵栀黄颗粒,336
银杏叶软胶囊,337
黄龙咳喘胶囊,338
伸筋片,339
脑栓通胶囊,340
益脑胶囊,341
云芝胞内糖肽,342
京都念慈C蜜炼川贝枇杷膏,343
愈心痛胶囊,344
肝泰舒胶囊,345
莲花清瘟胶囊,346
丹参益心胶囊,347
血滞通胶囊,348
清肺化痰丸,349
参芪片,350
荆花胃康胶丸,351
三十五味沉香丸,352
祖师麻片,353
珍珠明目滴眼液,354
板蓝根片,355
肿痛安胶囊,356
心达康胶囊,357
蝮龙抗栓丸,358
五味麝香丸,359
消咳喘胶囊,360
白药胶囊,361
云芝胞内糖肽胶囊,362
仁青坐珠达西,363
六味地黄软胶囊,364
血府逐瘀口服液,365
腰痹通胶囊,366
银花泌炎灵片,367
维C银翘颗粒,368
安多霖胶囊,369
西瓜霜润喉片,370
八宝丹胶囊,371
健脾益肾颗粒,372
蛇胆陈皮口服液,373
降酶灵胶囊,374
骨松宝胶囊,375
安康欣胶囊,376
清咽滴丸,377
穿琥宁,378
丹参舒心胶囊,379
荷丹片,380
脂必妥片,381
二十五味阿魏散,382
龙血竭胶囊,383
清开灵滴丸,384
天麻蜜环菌片,385
枳术宽中胶囊,386
双黄连颗粒,387
牛黄解毒片,388
活力苏口服液,389
复方海蛇胶囊,390
强力天麻杜仲胶囊,391
消肿洗剂,392
麝香痔疮栓,393
通塞脉片,394
参脉注射液,395
镇咳宁胶囊,396
复方草珊瑚含片,397
裸花紫珠片,398
黄豆苷元胶囊,399
三七胶囊,400
心脑静片,401
平消片,402
车前番泻颗粒,403
胆南星,404
生血丸,405
标准桃金娘油,406
心可宁胶囊,407
垂盆草颗粒,408
华蟾素片,409
野马追糖浆,410
骨伤液15合剂,411
复方金钱草颗粒,412
丹灯通脑软胶囊,413
复方大青叶合剂,414
复方瓜子金颗粒,415
注射用益气复脉(冻干),416
复方丹参注射液,417
天麻,418
附桂骨痛颗粒,419
黄芪颗粒,420
活血通脉片,421
百叶消炎洗剂,422
芙朴感冒颗粒,423
麝香解痛膏,424
安替可胶囊,425
脑脉泰胶囊,426
冰片,427
参芪降糖颗粒,428
紫龙金片,429
九味肝泰胶囊,430
无极膏,431
正天丸,432
骨疏康胶囊,433
芪冬颐心口服液,434
伤湿止痛膏,435
肛泰软膏,436
活血止痛散,437
养阴生血合剂,438
活血生骨胶囊,439
银杏蜜环口服溶液,440
通滞苏润江胶囊,441
痔疾洗液,442
心脑舒通片,443
八味沉香散,444
痛风定胶囊,445
天麻壮骨丸,446
心通口服液,447
益气维血颗粒,448
玉屏风颗粒,449
眩晕宁片,450
雪山金罗汉止痛涂膜剂,451
气滞胃痛颗粒,452
通络祛痛膏,453
注射用黄芪多糖,454
治伤胶囊,455
消栓颗粒,456
胃乐新颗粒,457
安神Ⅰ号,458
泌淋清胶囊,459
龙血竭片,460
冠脉宁片,461
复方南星止痛膏,462
当飞利肝宁胶囊,463
胆石利通片,464
银杏叶分散片,465
瓜蒌皮注射液,466
脉络舒通颗粒,467
西黄丸,468
妇科千金胶囊,469
复方黄连素片,470
红花,471
保和丸,472
蛇胆川贝枇杷膏,473
小儿止咳糖浆,474
愈伤灵胶囊,475
愈风宁心滴丸,476
杞菊地黄丸,477
维血宁颗粒,478
清热解毒口服液,479
二十五味大汤散,480
肾肝宁胶囊,481
外用溃疡散,482
鲜竹沥口服液,483
麻仁滋脾丸,484
升血小板胶囊,485
护肝胶囊,486
正清风痛宁缓释片,487
补心气口服液,488
拔毒生肌散,489
消咳喘颗粒,490
结核丸,491
青鹏膏剂,492
生脉饮,493
牛黄蛇胆川贝液,494
感冒清胶囊,495
蓖麻油,496
金嗓子喉片,497
养阴清肺膏,498
醒脑再造胶囊,499
双丹胶囊,500
二十五味松石丸,501
五酯软胶囊,502
元胡止痛滴丸,503
金钱草颗粒,504
天舒胶囊,505
苦甘颗粒,506
金喉健喷雾剂,507
脑得生丸,508
脑络通胶囊,509
消炎栓,510
茵栀黄口服液,511
丹七片,512
祛瘀消肿精,513
二十一味寒水石散,514
胃力康颗粒,515
珍宝丸,516
蒲地蓝消炎口服液,517
胃复春片,518
二十五味鬼臼丸,519
心神宁片,520
大月晶丸,521
根痛平颗粒,522
利胆片,523
芙扑感冒颗粒,524
生血宝颗粒,525
银翘解毒片,526
通天口服液,527
云南红药胶囊,528
宫血宁胶囊,529
鼻渊通窍颗粒,530
安置精华丸,531
二十五味余甘子丸,532
二十味沉香丸,533
木香顺气丸,534
和血明目片,535
补肺活血胶囊,536
仙璐贝滴剂,537
康妇炎胶囊,538
保肾片,539
感冒灵胶囊,540
麝珠明目滴眼液,541
癃清片,542
参苓白术颗粒,543
圣・约翰草提取物片,544
肾石通颗粒,545
强力感冒片,546
灯台叶颗粒,547
皮肤康洗液,548
益母草颗粒,549
心脑清软胶囊,550
双黄连合剂,551
安脑丸,552
康妇消炎栓,553
枫蓼肠胃康颗粒,554
洁白丸,555
新生化颗粒,556
安神丸,557
十味石榴散,558
保妇康栓,559
藿香正气水,560
新复方大青叶片,561
腰膝康胶囊,562
注射用血塞通,563
骨愈灵胶囊,564
颈舒颗粒,565
心脉通片,566
利肝隆胶囊,567
知柏地黄丸,568
心肝宝胶囊,569
抗感灵片,570
泽桂癃爽胶囊,571
抗骨增生胶囊,572
复方川芎胶囊,573
至灵胶囊,574
桂林西瓜霜,575
镇脑宁胶囊,576
肾舒颗粒,577
复方一枝蒿颗粒,578
冠心七味片,579
四妙丸,580
河车大造胶囊,581
日舒安洗液,582
冠心舒通胶囊,583
益肝灵胶囊,584
祖师麻注射液,585
脑血康颗粒,586
金果饮口服液,587
脑心清片,588
接骨片,589
愈风宁心颗粒,590
追风透骨丸,591
麝香关节止痛膏,592
康力欣胶囊,593
桂枝茯苓胶囊,594
清热解毒颗粒,595
黄连上清丸,596
威麦宁胶囊,597
脉平片,598
催乳颗粒,599
爱迪注射液,600
肾复康胶囊,601
心荣胶囊,602
感冒退热颗粒,603
颈痛颗粒,604
蛤蚧定喘胶囊,605
大株红景天注射液,606
藿香正气软胶囊,607
黄氏响声丸,608
补中益气颗粒,609
麝黄丸,610
扶正升白口服液,611
虎耳草素片,612
狗皮膏（改进型）,613
晕痛定胶囊,614
前列安通片,615
日轮散,616
十三味鹏鸟丸,617
肝复乐片,618
润燥止痒胶囊,619
痔疮栓,620
十味蒂达胶囊,621
滑石粉,622
安神补脑片,623
蛇胆川贝软胶囊,624
扶正化瘀胶囊,625
玉屏风胶囊,626
丹葶肺心颗粒,627
心可舒胶囊,628
逍遥丸,629
五淋化石丸,630
感咳双清胶囊,631
风湿骨痛胶囊,632
金胆片,633
肉蔻五味丸,634
前列欣胶囊,635
地榆生白片,636
珠子肝泰胶囊,637
肝宁胶囊,638
小金丸,639
甘露月晶丸,640
清开灵口服液,641
小儿消积止咳口服液,642
双黄连胶囊,643
肤痔清软膏,644
牛黄清心丸,645
咽立爽口含滴丸,646
桂林西瓜霜喷剂,647
三七血伤宁胶囊,648
健胃愈疡片,649
红花清肝十三味丸,650
消咳喘片,651
香砂养胃丸,652
决明退障口服液,653
恒古骨伤愈合剂,654
龙珠软膏,655
补中益气丸,656
丹芪偏瘫胶囊,657
清开灵软胶囊,658
偏瘫口服液,659
参桂胶囊,660
清开灵片,661
固肠止泻丸,662
安脑片,663
复方红豆杉胶囊,664
复方银花解毒颗粒,665
生脉饮(党参方),666
石膏,667
润肠通便口服液,668
健胃消炎颗粒,669
百贝益肺胶囊,670
保济丸,671
四物合剂,672
橘红丸,673
木香,674
金复康口服液,675
洁尔阴洗液,676
健胃愈疡颗粒,677
蛇胆陈皮液,678
便乃通茶,679
芪胶升白胶囊,680
赛霉安散,681
喘舒片,682
止咳合剂,683
六一散,684
百癣夏塔热片,685
蒲公英片,686
仁青当坐,687
强力枇杷胶囊,688
人参再造丸,689
石斛夜光丸,690
强肾片,691
无敌丹胶囊,692
益气复脉胶囊,693
金刚藤胶囊,694
安宫牛黄丸,695
银杏酮酯滴丸,696
健骨注射液,697
陈香露白露片,698
流感丸,699
香砂养胃片,700
跌打七厘片,701
再造生血片,702
川贝枇杷糖浆,703
痛血康胶囊,704
祛痰合剂,705
佐志达协,706
关节止痛膏,707
小活络丸,708
热淋清胶囊,709
脑血康片,710
益母草胶囊,711
痔宁片,712
射干抗病毒注射液,713
强肝胶囊,714
胃康灵胶囊,715
当归补血口服液,716
三分三浸膏片,717
牛黄解毒丸,718
七厘胶囊,719
柴银口服液,720
益肾蠲痹丸,721
羚羊角胶囊,722
咳停合剂,723
灵芝胶囊,724
归脾丸,725
感冒软胶囊,726
清热灵颗粒,727
消栓通络片,728
康肾颗粒,729
鹿角胶,730
参莲胶囊,731
脑血栓片,732
五味甘露药浴洗剂,733
脑安滴丸,734
麝香追风膏,735
安络化纤丸,736
根痛平片,737
乐脉颗粒,738
速感宁胶囊,739
复方感冒灵片,740
消栓肠溶胶囊,741
保利尔胶囊,742
千玉洁洗液,743
参麦地黄丸,744
橘红痰咳液,745
金匮肾气丸,746
消痔软膏,747
肝苏颗粒,748
复方感冒灵颗粒,749
冬凌草片,750
咳灵胶囊,751
远志糖浆,752
明目地黄丸,753
银黄含化片,754
枫蓼肠胃康胶囊,755
止咳丸,756
刺五加片,757
西帕依固龈液,758
眩晕宁颗粒,759
肿节风片,760
洁白胶囊,761
五加生化胶囊,762
十味玉泉胶囊,763
尿石通丸,764
咳宁胶囊,765
健胃消食口服液,766
心安胶囊,767
堆子阿觉,768
祖卡木颗粒,769
金连醒脑胶囊,770
肝苏片,771
冠心苏合丸,772
康荣针,773
鲜竹沥,774
清感九味丸,775
滋心阴口服液,776
八珍颗粒,777
三七伤药颗粒,778
滋阴润肠口服液,779
茵莲清肝合剂,780
骨筋丸片,781
苦参片,782
灯盏细辛胶囊,783
熊胆胶囊,784
咳特灵片,785
八味獐牙菜丸,786
肺宁口服液,787
阿胶,788
前列舒通胶囊,789
咳喘口服液,790
舒筋活血片,791
鱼腥草滴眼液,792
柏子养心丸,793
五味甘露药浴颗粒,794
七味红花殊胜丸,795
建曲,796
坤复康胶囊,797
去甲斑蝥素,798
永嘎邓觉,799
参芪肝康胶囊,800
金振口服液,801
岩黄连注射液,802
刺五加注射液注射液,803
优福宁,804
醒脑再造丸,805
十五味沉香丸,806
十一味参芪胶囊,807
肿节风注射液,808
藿香正气胶囊,809
摩罗丹,810
血络通胶囊,811
递法明片,812
抗脑衰胶囊,813
肾骨胶囊,814
足光散,815
复方黄松洗液,816
冰黄肤乐软膏,817
六神丸,818
羚贝止咳糖浆,819
胆康胶囊,820
黄连上清片,821
珍牡肾骨胶囊,822
痔疮外洗药,823
三七片,824
十五味龙胆花丸,825
香连片,826
香菊胶囊,827
抗骨质增生丸,828
消眩止晕片,829
感冒胶囊,830
百合固金口服液,831
天合骨通贴膏,832
益肝灵分散片,833
妇康丸,834
三味甘露散,835
消肿止痛酊,836
穿心莲内酯碘化物,837
九味羌活丸,838
利脑心胶囊,839
万应胶囊,840
软肝化坚颗粒,841
荣心丸,842
诃子,843
枣仁安神颗粒,844
血康口服液,845
珍黄丸,846
京万红,847
五苓胶囊,848
骨科外用散剂,849
三九胃泰颗粒,850
双嘧达莫,851
妇科千金片,852
百咳静糖浆,853
藿香正气丸,854
抗感解毒胶囊,855
肾衰宁片,856
复方紫草油,857
茵胆平肝胶囊,858
七味葡萄散,859
甲花片,860
养胃颗粒,861
止嗽化痰颗粒,862
银翘片,863
羚羊角滴丸,864
补脾益肠丸,865
参龙宁心胶囊,866
小儿清肺化痰泡腾片,867
肾炎舒片,868
芦黄参花胶囊,869
可达灵片,870
益心康泰胶囊,871
八珍益母胶囊,872
发酵虫草菌粉胶囊,873
金钱草片,874
羚羊角注射液,875
消炎止痛栓,876
复方益肝灵胶囊,877
健脾生血颗粒,878
复方田七胃痛胶囊,879
银杏酮酯分散片,880
湿毒清胶囊,881
牛黄降压丸,882
血塞通滴丸,883
翁沥通胶囊,884
牛黄,885
养正合剂,886
三果汤散,887
昆明山海棠片,888
舒胆片,889
雪莲注射液,890
心舒胶囊,891
三七伤药胶囊,892
仙灵骨葆片,893
重感灵片,894
寒水石,895
芪龙胶囊,896
羚羊角颗粒,897
热炎宁颗粒,898
枇杷止咳颗粒,899
溶栓胶囊,900
金嗓散结丸,901
柴胡滴丸,902
麝香镇痛膏,903
丹灯通脑胶囊,904
克痒舒洗液,905
咳喘宁合剂,906
消栓胶囊,907
晕复静片,908
骨刺丸,909
小儿肺热咳喘口服液,910
竹沥合剂,911
冠心丹参胶囊,912
血美安胶囊,913
回生口服液,914
固本益肠片,915
清肝利胆口服液,916
九华痔疮栓,917
都梁软胶囊,918
五味石榴散,919
障翳散,920
痔康片,921
云南白药酊,922
金贝痰咳清颗粒,923
川贝枇杷膏,924
附桂骨痛胶囊,925
安神补心胶囊,926
茶色素胶囊,927
血通补骨胶囊,928
缩泉胶囊,929
肾炎四味片,930
脑心通丸,931
消炎膏,932
元胡止痛软胶囊,933
复方地龙片,934
脑得生胶囊,935
丹郁骨康丸,936
养阴润肺合剂,937
十味黑冰片丸,938
润肠软胶囊,939
复方斑蝥注射液,940
尿塞通片,941
牛黄益金片,942
集成理伤片,943
二十五味马宝丸,944
葛根汤颗粒,945
复方大青叶片,946
帕珠丸,947
龙血竭散,948
生骨胶囊,949
清宁丸,950
化Y回生口服液,951
清肝利胆胶囊,952
肝炎灵注射液,953
鼻渊舒口服液,954
消痔栓,955
同仁牛黄清心丸,956
百咳净糖浆,957
活血胶囊,958
妇乐颗粒,959
三七,960
清宁胶囊,961
痔疮膏,962
金刚藤糖浆,963
痰咳净散,964
正清风痛宁胶囊,965
莫家清宁丸,966
双料喉风散,967
养心生脉颗粒,968
大株红景天胶囊,969
清热解毒软胶囊,970
孕康口服液,971
天麻素胶囊,972
生肌散,973
银翘解毒丸,974
滋心阴胶囊,975
玉泉颗粒,976
清肺消炎丸,977
红药片,978
藿香正气口服液,979
滋心阴颗粒,980
杞菊地黄胶囊,981
透骨灵贴膏,982
退黄利胆口服液,983
云南白药散,984
十一味维命散,985
脑心舒口服液,986
血府逐瘀丸,987
三乌胶丸,988
三七伤药片,989
芪参胶囊,990
通脉养心丸,991
牛黄上清丸,992
安神补心丸,993
归脾合剂,994
神宁合剂,995
生白口服液,996
骨刺宁胶囊,997
金嗓利咽丸,998
脉络宁口服液,999
复方南板蓝根片,1000
降压避风片,1001
五鹏丸,1002
愈风宁心片,1003
复方塞隆胶囊,1004
天保宁片,1005
结石通片,1006
复方鱼腥草颗粒,1007
虫草通脉胶囊,1008
抗栓胶囊,1009
咽立爽滴丸,1010
炎热清片,1011
糖微康胶囊,1012
化痔栓,1013
六味地黄胶囊,1014
小儿豉翘清热颗粒,1015
七珍汤散,1016
金芪降糖片,1017
五味金色散,1018
复方胆通胶囊,1019
开胸顺气丸,1020
鼻炎康片,1021
小青龙合剂,1022
消炎利胆丸,1023
巴特日七味丸,1024
颈腰康胶囊,1025
降压片,1026
安络痛胶囊,1027
正清风痛宁片,1028
龙灯胶囊,1029
咳三合剂,1030
益肝灵软胶囊,1031
枇杷止咳胶囊,1032
二十五味鹿角丸,1033
通宣理肺丸,1034
一效散,1035
佐太,1036
撷沙坦,1037
鼻窦炎口服液,1038
一清软胶囊,1039
达协德孜玛,1040
党参,1041
养阴清肺丸,1042
补血生乳颗粒,1043
双虎清肝颗粒,1044
复方天麻颗粒,1045
腹可安片,1046
痰咳净片,1047
益母草膏,1048
川芎茶调颗粒,1049
灯银脑通胶囊,1050
竹沥胶囊,1051
胃康胶囊,1052
舒泌通胶囊,1053
血康胶囊,1054
肺宁颗粒,1055
复方大黄片,1056
天麻钩藤颗粒,1057
天王补心丸,1058
萆Z分清丸,1059
健脾丸,1060
咳速停糖浆,1061
清喉利咽颗粒,1062
枣仁安神液,1063
抗骨增生片,1064
疏风活络片,1065
消银颗粒,1066
蒲参胶囊,1067
红核妇洁洗液,1068
益脑宁片,1069
增效气管炎片,1070
伤科灵喷雾剂,1071
红藤片,1072
猴头菌片,1073
骨筋丸胶囊,1074
葛兰心宁软胶囊,1075
蛤蚧定喘丸,1076
香菊片,1077
小儿清肺化痰颗粒,1078
和络舒肝胶囊,1079
芪苈强心胶囊,1080
通脉乐口服液,1081
二十五味驴血丸,1082
小金胶囊,1083
金连降糖胶囊,1084
感冒颗粒,1085
甲珠软坚胶囊,1086
五味金色丸,1087
玉屏风口服液,1088
寒痛乐熨剂,1089
止痛消炎软膏,1090
一清颗粒,1091
咳喘宁,1092
三七总皂甙注射剂,1093
十三味榜嘎丸,1094
复方石淋通片,1095
右归胶囊,1096
小柴胡汤丸,1097
血脉康丸,1098
康妇灵胶囊,1099
朝阳胶囊,1100
骨刺片,1101
蛇胆川贝胶囊,1102
丹参酮胶囊,1103
和血胶囊,1104
通络开痹片,1105
大黄蔗虫丸,1106
消炎利胆胶囊,1107
前列通片,1108
桂枝茯苓丸,1109
天麻片,1110
伊痛舒注射液,1111
脑立清丸,1112
黄蜀葵花净,1113
口炎清颗粒,1114
颠茄片,1115
风热感冒颗粒,1116
蒸骨酊,1117
气管炎丸,1118
玉兰降糖胶囊,1119
银翘合剂,1120
心悦胶囊,1121
云南白药创可贴,1122
鼻康片,1123
去甲斑蝥酸钠,1124
萨热十三味鹏鸟丸,1125
丹参合剂,1126
生石膏,1127
大黄（zhe）虫胶囊,1128
葫芦素片,1129
元胡止痛片,1130
熊胆降热胶囊,1131
益坤饮,1132
黛蛤散,1133
止咳宝片,1134
舒肝颗粒,1135
槟榔,1136
强力天麻杜仲丸,1137
痛风定片,1138
蟾乌巴布膏,1139
消风冲剂II号,1140
白及颗粒,1141
坐珠达西,1142
黄芪精,1143
脂必泰胶囊,1144
玉红膏,1145
止嗽立效胶囊,1146
安络痛片,1147
琥珀消石颗粒,1148
保济口服液,1149
二十五味儿茶丸,1150
猴枣牛黄散,1151
补肾益脑丸,1152
鼻炎片,1153
澳泰乐颗粒,1154
天麻胶囊,1155
消炎散,1156
神衰康胶囊,1157
肾康宁灌肠液,1158
镇咳宁糖浆,1159
桂林西瓜霜含片,1160
通窍鼻炎颗粒,1161
熊胆粉,1162
生肌玉红膏,1163
独一味分散片,1164
川贝枇杷颗粒,1165
京万红软膏,1166
十五味沉香散,1167
柴黄益肝散,1168
鲜竹沥液,1169
山黄降脂片,1170
前列安栓,1171
生血片,1172
妇炎消胶囊,1173
通腑合剂,1174
刺五加颗粒,1175
牛黄清胃丸,1176
牛黄清火丸,1177
千柏鼻炎片,1178
蛇胆陈皮胶囊,1179
新雪颗粒,1180
麝香正骨酊,1181
大黄胶囊,1182
通脉降脂片,1183
利肝隆颗粒,1184
安宫牛黄胶囊,1185
降糖通脉宁胶囊,1186
九味羌活颗粒,1187
麝香膏,1188
枇杷叶膏,1189
半夏糖浆,1190
薄荷水,1191
当归颗粒,1192
益心宁神片,1193
复方丹参胶囊,1194
天和追风膏,1195
十一味能消散,1196
血宁胶囊,1197
补脑膏,1198
金荞麦合剂,1199
风寒感冒颗粒,1200
八味沉香丸,1201
祛毒洗剂,1202
正红花油,1203
骨质宁搽剂,1204
麝香跌打风湿膏,1205
一洗舒洗剂,1206
苏子降气丸,1207
安神散,1208
跌打镇痛膏,1209
消疲灵颗粒,1210
明胶海绵,1211
痔血胶囊,1212
蛹虫草菌粉胶囊,1213
四味辣根菜汤散,1214
胃乐宁片,1215
损伤胶囊,1216
十五味黑药丸,1217
风湿马钱片,1218
祛痛生肌痔疮膏,1219
清热解毒胶囊,1220
麝香接骨胶囊,1221
骨仙片,1222
脑立清胶囊,1223
胃乃安胶囊,1224
赛霉安乳膏,1225
复方仙灵脾消症颗粒,1226
银杏叶提取物注射液,1227
博尔宁胶囊,1228
参蛭益气活血胶囊,1229
海珠喘息定片,1230
石淋通颗粒,1231
蜂蜜,1232
珍合灵片,1233
都梁滴丸,1234
康艾扶正胶囊,1235
克痢痧胶囊,1236
强力定眩胶囊,1237
二甲软坚胶囊,1238
金羚感冒片,1239
八宝眼药,1240
石龙清血颗粒,1241
天麻杜仲胶囊,1242
十七味大鹏丸,1243
八正合剂,1244
猴耳环消炎片,1245
阿拉坦五味丸,1246
止泻颗粒,1247
加味逍遥胶囊,1248
小儿柴桂退热颗粒,1249
秦皮,1250
壮骨伸筋胶囊,1251
十六味杜鹃散,1252
舒筋活血丸,1253
利咽解毒颗粒,1254
救心丸,1255
追风膏,1256
宫炎平片,1257
五脂胶囊,1258
十六味杜鹃散胶囊,1259
血骚普清散,1260
鸦胆子油外用液体剂,1261
十一味维命胶囊,1262
舒康凝胶剂,1263
降压二号片,1264
心脉舒二号,1265
止咳化痰口服液,1266
益胆片,1267
益心酮片,1268
消咳喘薄膜衣片,1269
产妇安合剂,1270
松石胶囊,1271
十三味菥q丸,1272
肤痒颗粒,1273
消渴降糖胶囊,1274
速效心痛滴丸,1275
益母草注射液,1276
前列通瘀胶囊,1277
槟榔四消丸,1278
血宝胶囊,1279
十味乳香散,1280
蒲地蓝消炎片,1281
巴桑母酥油丸,1282
肝炎合剂,1283
十味豆蔻丸,1284
益脉康分散片,1285
润肠丸,1286
清开灵分散片,1287
炙甘草颗粒,1288
万通筋骨片,1289
甜梦口服液,1290
前列舒乐颗粒,1291
宁心痛颗粒,1292
冠心丹参片,1293
参芪颗粒,1294
清肺抑火片,1295
绞股蓝总苷胶囊,1296
西协周巴,1297
熊胆眼药水,1298
三生调脂舒丸,1299
低扭日布,1300
肝喜片,1301
屏风生脉胶囊,1302
鸡胆口服液,1303
六味能消丸,1304
脑栓康复胶囊,1305
双黄连粉针剂,1306
黄金万红膏,1307
清热解毒注射液,1308
痔疮片,1309
祛风止痛片,1310
清艾条,1311
芩连清心胶囊,1312
止咳化痰合剂,1313
通络脉合剂,1314
参七心疏胶囊,1315
涩肠止泻散,1316
复方血栓通软胶囊,1317
快胃片,1318
安神片,1319
通宣理肺片,1320
三味檀香汤散,1321
缩泉丸,1322
通脉胶囊,1323
泰脂安胶囊,1324
壮骨麝香止痛膏,1325
穿心莲片,1326
治咳川贝枇杷露,1327
麝香追风止痛膏,1328
丁香,1329
肝得治胶囊,1330
加味逍遥丸,1331
四君子合剂,1332
复方板蓝根颗粒,1333
外用薰洗剂,1334
羚羊清肺丸,1335
养血清脑丸,1336
养胃舒颗粒,1337
骨痛灵酊,1338
醒脾养儿颗粒,1339
固元颗粒,1340
保肝胶囊,1341
白脉软膏,1342
消癌平丸,1343
硝硼散,1344
舒胸胶囊,1345
清脑降压片,1346
五灵丸,1347
安胃疡胶囊,1348
比拜克胶囊,1349
银翘解毒颗粒,1350
天一止咳糖浆,1351
如意金黄散,1352
人参健脾丸,1353
鲜益母草胶囊,1354
参芍胶囊,1355
跌打七厘散,1356
脑血康滴丸,1357
再造丸,1358
加味藿香正气丸,1359
康莱特软胶囊,1360
血脉通胶囊,1361
止喘灵注射液,1362
健脑片,1363
通便胶囊,1364
大人止咳合剂,1365
脑立通方,1366
金黄膏,1367
爱活尿通片,1368
当归龙荟丸,1369
田七,1370
喉疾灵胶囊,1371
三黄栓,1372
连花清瘟颗粒,1373
蛤蚧疗肺片,1374
心脉隆注射液,1375
白热散,1376
乳癖消片,1377
能安均宁散,1378
止痛化Y胶囊,1379
清热消炎宁胶囊,1380
施保利通片,1381
金莲花胶囊,1382
复方丁香开胃贴,1383
壮骨关节丸,1384
舒肝片,1385
季德胜蛇药片,1386
盆炎净颗粒,1387
益肺止咳胶囊,1388
葆宫止血颗粒,1389
泌淋胶囊,1390
穿王消炎片,1391
消咳宁片,1392
牛黄上清片,1393
丹黄祛瘀胶囊,1394
养阴清肺糖浆,1395
复方降脂片,1396
陇马陆胃药片,1397
养阴清肺口服液,1398
冠心康片,1399
三九胃泰胶囊,1400
感特灵胶囊,1401
阴炎净洗液,1402
穿心莲内酯滴丸,1403
柴胡口服液,1404
追风透骨胶囊,1405
橘红胶囊,1406
独圣活血片,1407
咽炎口服液,1408
薰蒸1号,1409
妇平胶囊,1410
止痒酊,1411
天麻头痛片,1412
软脉灵口服液,1413
黄蜂痔疮膏,1414
血宁糖浆,1415
降脂灵颗粒,1416
热痹消颗粒,1417
复方黄柏液,1418
丹蒌片,1419
甘草片,1420
积雪苷霜软膏,1421
滴通鼻炎水,1422
二十五味竺黄,1423
复方驴胶补血颗粒,1424
咳嗽合剂,1425
蛇芪清毒颗粒,1426
八味牦牛血散,1427
失笑散,1428
风湿液,1429
胃肠平胶囊,1430
中风膏,1431
青黛,1432
硝矾散,1433
急支颗粒,1434
达立通颗粒,1435
三味豆蔻汤散,1436
葶贝胶囊,1437
坎离砂,1438
杏苏止咳糖浆,1439
心通颗粒,1440
利咽吸入剂,1441
松石散,1442
玉叶解毒颗粒,1443
安中通便胶囊,1444
十八味诃子丸,1445
十一味金色丸,1446
复方扶芳藤合剂,1447
消癌平胶囊,1448
腰痛活血胶囊,1449
筋骨痛消丸,1450
麻杏止咳糖浆,1451
血宁片,1452
新雪片,1453
茵栀解毒胶囊,1454
补肾安神口服液,1455
骨松宝颗粒,1456
除湿止痒洗液,1457
二十五味桑台丸,1458
健肝灵胶囊,1459
还少胶囊,1460
三七化痔丸,1461
抗感灵颗粒,1462
野木瓜片,1463
肾衰宁,1464
乌鸡白凤丸,1465
神香苏合丸,1466
脑得生片,1467
抗感颗粒,1468
杜仲腰痛丸,1469
十三味青兰丸,1470
银参通络胶囊,1471
宁肺合剂,1472
七叶神安滴丸,1473
朱砂安神丸,1474
消旋山莨菪碱片,1475
复方羊角胶囊,1476
中华跌打丸,1477
猴耳环消炎胶囊,1478
三七养血胶囊,1479
安乐片,1480
羚羊角口服液,1481
帕朱丸,1482
牛黄降压片,1483
益母草流浸膏,1484
乙肝健片,1485
集成愈伤片,1486
慢肾康片,1487
天地络通片,1488
八味小檗皮散,1489
加味保和丸,1490
天麻首乌片,1491
健儿清解液,1492
辛芩颗粒,1493
养肝软坚丸,1494
壮骨丸,1495
优福宁胶囊,1496
养心丸,1497
消石利胆胶囊,1498
血活素,1499
滑膜炎颗粒,1500
妇炎康片,1501
新雪丸,1502
肾炎消肿片,1503
白药散,1504
三黄膏,1505
首乌降脂胶囊,1506
复方灵芝片,1507
补肾益脑片,1508
舒肝健胃丸,1509
壮腰健肾丸,1510
银翘感冒袋泡剂,1511
清火栀麦片,1512
川贝咳停颗粒,1513
祛风止痛胶囊,1514
耳聋左慈丸,1515
板蓝根注射液,1516
土牛膝咽喉合剂,1517
番泻叶,1518
十八味党参丸,1519
檀香,1520
骨折挫伤胶囊,1521
十八味诃子利尿丸,1522
新雪丹,1523
脉络通颗粒,1524
鹿角霜,1525
肾安胶囊,1526
强力脉痔灵,1527
安神胶囊,1528
前列康舒胶囊,1529
心舒宝片,1530
玄麦甘桔颗粒,1531
金玄痔科熏洗散,1532
复方天仙胶囊,1533
返魂草颗粒,1534
舒脑欣滴丸,1535
十一味金色散,1536
舒神灵胶囊,1537
乳癖安消胶囊,1538
伤科膏药,1539
保胎灵片,1540
柏洁洗剂,1541
伤湿祛痛膏,1542
蛇胆川贝散,1543
消栓通络颗粒,1544
帝达杰八,1545
紫草膏,1546
通脑精胶囊,1547
保和颗粒,1548
百艾洗液,1549
獐牙菜,1550
灯盏细辛合剂,1551
清肺止咳合剂,1552
复方金线莲口服液,1553
益肝灵液体胶囊,1554
元胡止痛颗粒,1555
胚宝胶囊,1556
抗601合剂,1557
骨伤跌打软膏,1558
连柏烧伤膏,1559
散结镇痛胶囊,1560
虚汗停颗粒,1561
丽芝胶囊,1562
防风感冒颗粒,1563
雷公藤片,1564
十味活血丸,1565
参芪扶正丸,1566
藿胆丸,1567
外感止咳露,1568
十五味黑药散,1569
山玫胶囊,1570
康尔心胶囊,1571
利咽合剂,1572
金嗓开音丸,1573
艾愈胶囊,1574
复方益母胶囊,1575
艾条,1576
代温灸膏,1577
跳骨片,1578
复方五仁醇胶囊,1579
连翘败毒丸,1580
鸡骨草胶囊,1581
石榴日轮丸,1582
重楼解毒酊,1583
大黄片,1584
清浊益肾胶囊,1585
补脑安神片,1586
坤宁口服液,1587
八味主药散,1588
宣肺止嗽合剂,1589
十五味儿茶丸,1590
安宫止血颗粒,1591
参苓白术丸,1592
黄栀花口服液,1593
克痫丸,1594
石淋通片,1595
杏桔合剂,1596
妇康片,1597
肿痛消搽剂,1598
固肾口服液,1599
裸花紫珠分散片,1600
暖宫七味散,1601
跌打丸,1602
二十味肉豆蔻丸,1603
巴桑母酥药丸,1604
达斯玛宝丸,1605
痔瘘薰洗剂,1606
脂康颗粒,1607
洁阴洗剂,1608
柘木糖浆,1609
固本咳喘片,1610
月光宝鹏丸,1611
正心泰胶囊,1612
珊瑚七十味丸,1613
炎宁片,1614
滋肾通关胶囊,1615
姜颗粒,1616
黄龙止咳颗粒,1617
伤痛宁片,1618
复方木尼孜其颗粒,1619
三七丹参片,1620
金菌利胆灵口服液,1621
艽龙胶囊,1622
藤黄健骨片,1623
九味双解口服液,1624
二丁胶囊,1625
热毒清片,1626
沙棘干乳剂,1627
十味诃子散,1628
胃得安片,1629
正骨水,1630
紫雪,1631
养血安神丸,1632
坐浴粉,1633
肝喜合剂,1634
堆子森觉,1635
刺五加脑灵液,1636
依马打正红花油,1637
肾康宁胶囊,1638
茵芪肝复颗粒,1639
复方双花片,1640
片仔癀胶囊,1641
复方肾炎片,1642
续筋接骨胶囊,1643
红金消结胶囊,1644
产妇安颗粒,1645
绞股蓝总甙软胶囊,1646
鳖甲煎丸,1647
茵连和胃颗粒,1648
脑血康口服液,1649
羚羊感冒胶囊,1650
独一味片,1651
复方岑粕颗粒,1652
氨茴香合剂,1653
化排石汤,1654
健胃胶囊,1655
氯哌丁,1656
瓜霜退热灵胶囊,1657
双黄连滴注液,1658
立愈合剂,1659
柴黄颗粒,1660
布玛拉口服散剂,1661
二妙丸,1662
清热消肿止痛药酒,1663
脑塞安胶囊,1664
一擦灵,1665
清热通淋胶囊,1666
八味石榴散,1667
二十九味能消胶囊,1668
莪术油注射液,1669
咳喘宁胶囊,1670
消渴康颗粒,1671
胃炎合剂,1672
小儿感冒颗粒,1673
复方乌鳢口服液,1674
小儿清肺颗粒,1675
黄藤素片,1676
苁蓉益肾颗粒,1677
野木瓜注射液,1678
甘霖洗剂,1679
治伤软膏,1680
脂必妥胶囊,1681
脾约麻仁丸,1682
大承气汤,1683
复方鱼腥草合剂,1684
利福瑞颗粒,1685
红杏止咳合剂,1686
骨友灵擦剂,1687
九味牛黄丸,1688
复方黄松湿巾,1689
灵丹草颗粒,1690
温胃舒颗粒,1691
双七接骨胶囊,1692
龙金通淋胶囊,1693
附子理中丸,1694
参苓健脾胃颗粒,1695
消炎利胆颗粒,1696
湿热痹颗粒,1697
桔红丸,1698
健脑胶囊,1699
肠肛舒口服液,1700
清肝降压胶囊,1701
当归补血丸,1702
消炎片,1703
生脉片(党参方),1704
冬虫夏草胶囊,1705
柏子养心片,1706
法半夏罗汉果川贝枇杷膏,1707
复方清带灌注液,1708
云香精,1709
糖末宁合剂,1710
人参健脾片,1711
秘诀清凉散,1712
乳宁颗粒,1713
四季抗病毒合剂,1714
润肺膏,1715
桂附地黄丸,1716
大中炎痛贴C型,1717
大中炎痛贴B型,1718
双黄连软胶囊,1719
桑菊感冒颗粒,1720
渴乐宁胶囊,1721
地榆槐角丸,1722
跌打万花油,1723
痔疮宁,1724
通络祛风胶囊,1725
甘桔冰梅片,1726
抗宫炎胶囊,1727
更年安片,1728
止咳灵合剂,1729
六味木香胶囊,1730
骨刺胶囊,1731
复方川贝精胶囊,1732
肉寇五味丸,1733
复方羊角颗粒,1734
驴胶补血颗粒,1735
帝达格哇口服散剂,1736
活力源胶囊,1737
夏天无注射液,1738
活血止疼胶囊,1739
沉香,1740
降脂灵胶囊,1741
六味木香散,1742
复方胆通片,1743
黄芪精口服液,1744
胰酶肠溶片,1745
螺旋藻片,1746
清肾丸,1747
癫痫平片,1748
肤阴洁,1749
感冒止咳冲剂,1750
双黄连含片,1751
黄疸茵陈颗粒,1752
银屑灵,1753
治咳川贝枇杷滴丸,1754
复方双花糖浆,1755
刺五加胶囊,1756
益肺胶囊,1757
三七皂苷不详,1758
夏枯草胶囊,1759
养血安神糖浆,1760
胃炎平胶囊,1761
清胃黄连片,1762
芙蓉膏,1763
脑络通片,1764
伤一号合剂,1765
妇科消炎栓,1766
肺炎喘嗽口服液,1767
槐杞黄颗粒,1768
血尿安胶囊,1769
蜜炼良园枇杷叶膏,1770
清咽合剂,1771
桂枝颗粒,1772
花红片,1773
去纤软肝胶囊,1774
消乳散结胶囊,1775
楂和胶囊,1776
花红胶囊,1777
活血通筋丸,1778
水调散散剂,1779
安坤颗粒,1780
苦参素胶囊,1781
复方双花口服液,1782
小儿热速清口服液,1783
防风通圣丸,1784
麝香舒活精,1785
脑得生颗粒,1786
气血康胶囊,1787
止咳糖浆,1788
肿痛气雾剂,1789
安胎丸,1790
创灼膏,1791
冠心泰丸,1792
舒肝和胃丸,1793
阴乐爽洗液,1794
清宣止咳颗粒,1795
补血益母颗粒,1796
消咳喘糖浆,1797
洗痔液,1798
麝香舒活灵,1799
健脑补肾丸,1800
耳聋胶囊,1801
舒筋活血胶囊,1802
吉祥安坤丸,1803
槐角丸,1804
产后逐瘀片,1805
止血宝胶囊,1806
痔疮宁栓,1807
桑枝颗粒,1808
胆舒软胶囊,1809
肾炎舒胶囊,1810
肾炎舒颗粒,1811
洁尔阴泡腾片,1812
咳喘宁颗粒,1813
正清风痛宁注射剂,1814
保和口服液,1815
清淋颗粒,1816
虫草活血胶囊,1817
血府逐瘀颗粒,1818
风湿止痛丸,1819
凉血解毒口服液,1820
五脂软胶囊,1821
尿清舒颗粒,1822
杏灵滴丸,1823
丹莪妇康煎膏,1824
丹香清脂颗粒,1825
抗病毒软胶囊,1826
脑安片,1827
复方罗布麻颗粒,1828
五味沙棘散,1829
产复康冲剂,1830
肝达片,1831
上清片,1832
金茵利胆灵口服液,1833
远志咳嗽合剂,1834
二十五味十六散,1835
川芎茶调片,1836
平眩胶囊,1837
胃特灵片,1838
接骨续筋片,1839
润肺止咳合剂,1840
胆益宁片,1841
清血解毒合剂,1842
骨友灵搽剂,1843
固元片,1844
复方三七胶囊,1845
消积冲剂,1846
神痛宁胶囊,1847
灌肠液,1848
沉香曲,1849
大黄（zhe）虫丸,1850
消胀合剂,1851
健脑安神片,1852
小儿肺咳颗粒,1853
麝香痔疮膏,1854
牛黄消炎片,1855
藿香正气滴丸,1856
橘红痰咳颗粒,1857
脑力宝丸,1858
清热止咳合剂,1859
妇洁舒洗液,1860
十三味止血红花散,1861
抗骨增生丸,1862
障眼明片,1863
清咽片,1864
胰岛生口服液,1865
大黄通便胶囊,1866
少腹逐瘀颗粒,1867
龙荟丸,1868
风湿祛痛胶囊,1869
银翘解毒软胶囊,1870
痰咳净,1871
胃复胶囊,1872
通宣理肺胶囊,1873
健脑通络胶囊,1874
特制狗皮膏,1875
熊胆痔疮膏,1876
十味芸香散,1877
止喘灵口服液,1878
五酯丸,1879
芪蛭胶囊,1880
当归活血口服液,1881
心脉舒一号,1882
胃炎胶囊,1883
川贝清肺糖浆,1884
小儿消食片,1885
浴舒洗液,1886
前列安片,1887
叶金排石胶囊,1888
健脾开胃饮,1889
九味青鹏胶囊,1890
抗痨胶囊,1891
香砂六君丸,1892
牛黄上清胶囊,1893
肾衰宁颗粒,1894
姚氏镇咳神口服液,1895
复方三七片,1896
通窍鼻炎片,1897
山楂精降脂片,1898
正骨林口服,1899
麝香抗栓胶囊,1900
玫瑰胶囊,1901
寒感颗粒,1902
心灵丸,1903
良园枇杷叶膏,1904
天合骨通膏,1905
养胃舒胶囊,1906
热炎宁胶囊,1907
辛芳鼻炎胶囊,1908
三七脂肝丸,1909
消栓口服液,1910
金荞麦胶囊,1911
活血醒神方,1912
参希胶囊,1913
晕可平糖浆,1914
脑震宁颗粒剂,1915
甲庆栓,1916
镇痛活络酊,1917
沈阳红药胶囊,1918
银黄清肺胶囊,1919
龙胆泻肝丸,1920
莲芪胶囊,1921
臭灵丹,1922
口腔溃疡散,1923
杏贝止咳祛痰口服液,1924
小儿咳喘灵颗粒,1925
众生丸,1926
九味清热胶囊,1927
咳嗽喷雾剂,1928
消渴益肾胶囊,1929
清热解毒冲剂,1930
黄芪口服液,1931
青连感冒颗粒,1932
化痰脉通片,1933
高锰酸钾,1934
安胃合剂,1935
中风回春片,1936
六味大托叶云石散,1937
橘红颗粒,1938
地龙抗栓丸,1939
抗咽炎合剂,1940
前列桂黄片,1941
十味血热汤散,1942
断血流颗粒,1943
龙生蛭胶囊,1944
养阴软肝颗粒,1945
蛇胆川贝口服液,1946
复方苦参洗剂,1947
脉络通片,1948
养阴清肺合剂,1949
阿胶胶囊,1950
橡皮生肌膏,1951
透析尿毒灵,1952
白敬宇痔疮膏,1953
妇科养荣胶囊,1954
杞菊地黄口服液,1955
抗宫炎片,1956
小儿化痰止咳颗粒,1957
八宝丹,1958
强筋健骨片,1959
坤宝丸,1960
强力康颗粒,1961
痔痛安搽剂,1962
贝羚胶囊,1963
壮骨片,1964
龙胆泻肝软胶囊,1965
清炎片,1966
消炎利胆滴丸,1967
本草时珍洗液,1968
中风安口服液,1969
五痹胶囊,1970
鼻咽清毒颗粒,1971
丹皮酚注射液,1972
牛黄解毒软胶囊,1973
越鞠保和丸,1974
清肺合剂,1975
益肾丸,1976
产复欣颗粒,1977
散痰宁糖浆,1978
绞股蓝总甙胶囊,1979
凉血明目颗粒,1980
胃肠安胶囊,1981
肾康宁颗粒,1982
糖尿1号合剂,1983
益肝颗粒,1984
接骨七厘散,1985
天智颗粒,1986
乳癖消颗粒,1987
补中益气合剂,1988
参苏丸,1989
复方南板兰根片,1990
妇炎舒胶囊,1991
长春红药胶囊,1992
肺咳停糖浆,1993
叶下珠片,1994
热毒净口服液,1995
胃肠舒胶囊,1996
骨痹合剂,1997
川苏救心喷雾剂,1998
清肺止咳散,1999
白花蛇舌草注射液,2000
活血止痛片,2001
复方垂盆草颗粒,2002
金嗓口服液,2003
骨筋丸,2004
童康片,2005
黄连,2006
牛黄降压胶囊,2007
补肾通督胶囊,2008
胆石通胶囊,2009
野菊花栓,2010
血复生片,2011
消风止痒颗粒,2012
玉泉丸,2013
独一味丸,2014
安康颗粒,2015
痔舒适洗液,2016
骨炎太宝胶囊,2017
补气脉通片,2018
活络油,2019
益母草软胶囊,2020
清肺止咳糖浆,2021
北豆根片,2022
肠康片,2023
强肝口服液,2024
长春红药片,2025
精制狗皮膏,2026
溶栓脑通胶囊,2027
桑通颗粒,2028
化痰平喘片,2029
健胃清肠合剂,2030
珍珠灵芝片,2031
蒲公英颗粒,2032
臭灵丹合剂,2033
楼莲胶囊,2034
强心液,2035
益脑心颗粒,2036
猴头健胃灵片,2037
康咳灵合剂,2038
血尿胶囊,2039
保肝合剂,2040
咳速停胶囊,2041
解郁丸,2042
咽舒口服液,2043
苓桂咳喘宁胶囊,2044
益肾十七味丸,2045
药艾条,2046
二十五味獐牙菜丸,2047
大黄什片,2048
沙棘丸,2049
百蕊片,2050
培他司汀,2051
洗肠散,2052
茵白肝炎颗粒,2053
盆炎灵合剂,2054
三溴合剂,2055
胃肠安丸,2056
葶苈降血脂片,2057
胆乐胶囊,2058
九一散,2059
化痰口服液,2060
红药贴膏,2061
参苏片,2062
茵栀黄软胶囊,2063
再生胶囊,2064
产妇安口服液,2065
蜈蚣,2066
延参健胃胶囊,2067
抗妇炎胶囊,2068
消渴安胶囊,2069
六味丁香片,2070
小儿咽扁颗粒,2071
龟芪壮骨颗粒,2072
五淋化石丹,2073
苦参软膏,2074
五味子,2075
芍倍注射液,2076
清肺口服液,2077
益心胶囊,2078
薄荷合剂,2079
血府逐瘀片,2080
降脂灵片,2081
舒心口服液,2082
通塞益脑口服液,2083
妇乐胶囊,2084
肺复康合剂,2085
肾康宁片,2086
牛黄蛇胆川贝滴丸,2087
经血宁胶囊,2088
脉君安片,2089
协日嘎四味汤胶囊,2090
肝苏胶囊,2091
山海丹颗粒,2092
二十五味犀角丸,2093
宇娘吉尼,2094
补康灵,2095
珍石烧伤膏,2096
黄藤素注射液,2097
复方消灵洗液,2098
抹立可膏,2099
伸筋丹胶囊,2100
东乐膏,2101
心脑脉舒口服液,2102
炎可宁片,2103
伤科跌打胶囊,2104
乌蔹莓软膏,2105
银翘三黄膏,2106
活血膏,2107
乙肝清热解毒胶囊,2108
五味渣驯散,2109
宫炎康颗粒,2110
咽炎合剂,2111
双黄连片,2112
红茴香注射液,2113
强力脑清素片,2114
姜附通痹合剂,2115
骨刺平片,2116
汉桃叶片,2117
慢肝解郁胶囊,2118
克感利咽口服液,2119
前列回春胶囊,2120
复方守宫散,2121
伤四号合剂,2122
胃泰胶囊,2123
消食健胃片,2124
新身痛逐瘀合剂,2125
止痛膏,2126
振源片,2127
灯台叶片,2128
金果饮,2129
舒肝解郁胶囊,2130
复方止痛町,2131
蛇黄洗剂,2132
清肺饮,2133
仙鹤草,2134
健胃消胀合剂,2135
金刺参九正合剂,2136
通敷合剂,2137
复方消痔栓,2138
肿节风分散片,2139
咽康含片,2140
川贝止咳糖浆,2141
表虚感冒颗粒,2142
点舌丸,2143
侗钥帕,2144
益肾养肝合剂,2145
阴洁康洗液,2146
解毒降脂片,2147
乌甘胶囊,2148
平溃散,2149
龟甲胶,2150
痛消接骨膏,2151
舒肝快胃丸,2152
活血降糖片,2153
桑杏合剂,2154
骨质增生一贴灵,2155
益母草口服液,2156
镇咳宁口服液,2157
七味诃子散,2158
七味熊胆散,2159
参龙丸,2160
消渴键脾胶囊,2161
心安宁片,2162
灯盏花素分散片,2163
复方西羚解毒片,2164
六味地黄口服液,2165
十味消食散,2166
铁笛丸,2167
养蔚灵颗粒,2168
牛黄利咽丸,2169
美沙拉秦,2170
青黛散,2171
止痒消炎水,2172
香砂养胃颗粒,2173
参三七伤药片,2174
感冒疏风丸,2175
养荣润肠舒合剂,2176
参灵肝康胶囊,2177
正木参尼阿,2178
六黄益津丸,2179
化痰解凝糊,2180
通窍鼻炎胶囊,2181
g莶通栓胶囊,2182
竹桔化痰口服液,2183
五味子颗粒,2184
气血双补口服液,2185
食积口服液,2186
腰息痛胶囊,2187
小儿肺炎散,2188
冰栀伤痛气雾剂,2189
复方红衣补血口服液,2190
安中养血合剂,2191
化积胶囊,2192
止嗽化痰定喘丸,2193
乳癖散结胶囊,2194
鼻渊舒胶囊,2195
产妇安胶囊,2196
赛霉胺乳膏,2197
舒肝丸,2198
金匮肾气片,2199
塞芝贡德日布,2200
血塞通颗粒,2201
丹栀逍遥丸,2202
舒肝安胶囊,2203
新生化片,2204
肝脾康胶囊,2205
健脑合剂Ⅱ号,2206
麻疼丸,2207
胃立康片,2208
鼻通滴鼻剂,2209
消瘀接骨散,2210
胃炎颗粒,2211
清音丸,2212
甲状腺素,2213
复方风湿宁注射液,2214
胆石利通胶囊,2215
参贝北瓜膏,2216
参苓白术散,2217
哈日十二味散,2218
复方紫荆消伤巴布膏,2219
补益通胶囊,2220
满山白糖浆,2221
复方气管炎片,2222
丹蛭降糖胶囊,2223
独一味滴丸,2224
黄瑞香注射液,2225
降脂血康片,2226
八味肉桂胶囊,2227
护肝宁胶囊,2228
青鹏软膏,2229
复方茵柏合剂,2230
矾冰液,2231
疏胆散,2232
五味獐芽菜汤散,2233
康复液5号,2234
脑清舒胶囊,2235
洁身洗液,2236
脑复清胶囊,2237
香砂养胃胶囊,2238
咽炎消合剂,2239
升血调元汤,2240
清热通痹合剂,2241
清燥合剂,2242
天蟾胶囊,2243
筋骨草片,2244
树舌灵芝,2245
妇炎清洗剂,2246
辣椒风湿膏,2247
贯黄感冒颗粒,2248
止痒润肤霜,2249
甘露解热口服液,2250
再障生血合剂,2251
止咳橘红颗粒,2252
消炎利胆软胶囊,2253
滇白珠糖浆,2254
小儿热速清颗粒,2255
脑心通片,2256
补肾健骨胶囊,2257
皮炎颗粒,2258
活血安痛酒,2259
生乳汁,2260
麝香,2261
痔疮胶囊,2262
维康胶囊,2263
头痛定糖浆,2264
安神合剂,2265
七味解毒活血膏,2266
五酯滴丸,2267
龙掌口含液,2268
骨炎灵片,2269
通泰胶囊,2270
泌感平口服液,2271
雷丸胶囊,2272
通宣理肺口服液,2273
小建中胶囊,2274
猴菇菌片,2275
轻舒颗粒,2276
枫蓼肠胃康片,2277
风寒感冒饮,2278
颈椎活血胶囊,2279
补脑安神胶囊,2280
珠珀猴枣散,2281
驱虫丸,2282
风油精,2283
散结丸,2284
安儿宁颗粒,2285
痔清消袋泡剂,2286
温胃舒胶囊,2287
芪黄益肺合剂,2288
拨云锭,2289
藏青果颗粒,2290
祖师麻膏药,2291
三七化瘀颗粒,2292
健民咽喉片,2293
八味金礞石散,2294
活骨宁胶囊,2295
强力脑康胶囊,2296
肠康胶囊,2297
润咽合剂,2298
银黄片,2299
扶芳藤合剂,2300
慈丹胶囊,2301
双柏散,2302
复方枣仁安神胶囊,2303
肠胃舒胶囊,2304
功劳去火片,2305
乌兰十三味汤散,2306
除翳明目片,2307
骨痨愈康丸,2308
胃舒宁颗粒,2309
新清宁胶囊,2310
抑眩宁胶囊,2311
升压十味片,2312
六味石榴散,2313
补血口服液,2314
头风痛胶囊,2315
中风消积合剂,2316
止咳枇杷糖浆,2317
复方陈香胃片,2318
喘咳平糖浆,2319
云芝菌胶囊,2320
清脂胶囊,2321
回生第一丹,2322
济生肾气丸,2323
鳖甲软坚胶囊,2324
枸橼酸铋钾/替硝唑/克拉霉素,2325
复方沙棘籽油栓,2326
苏黄止咳胶囊,2327
正气片,2328
二十五味愧臼丸,2329
板兰根颗粒,2330
烫疮油,2331
镇布色觉庆莫,2332
金刚藤片,2333
棕榆敛血合剂,2334
吴太咽炎片,2335
清咽颗粒,2336
健肾丸,2337
二十五味铜灰散,2338
止咳胶囊,2339
舒筋止痛酊,2340
青陈合剂,2341
大黄庶虫丸,2342
心脑宁胶囊,2343
沉香舒气丸,2344
西帕依固龈液0,2345
金麦清咽袋泡茶,2346
康复液2号,2347
慢肝养阴胶囊,2348
姜龙交杰,2349
复方板蓝根片,2350
清热醒脑灵片,2351
炎黄保肾胶囊,2352
降糖胶囊,2353
复方秸梗片,2354
参芪三消胶囊,2355
人参归脾丸,2356
偏瘫复原合剂,2357
退变协议方,2358
复方丹参含片,2359
芪明颗粒,2360
透骨灵橡胶膏,2361
保肺宁嗽颗粒,2362
穿心莲胶囊,2363
大承气颗粒,2364
补肾健骨合剂,2365
健脾消食丸,2366
上清丸,2367
舒心糖浆,2368
金鸡胶囊,2369
复胆片,2370
化痰降气胶囊,2371
沉香舒郁片,2372
复方双花颗粒,2373
脑灵素胶囊,2374
治感佳胶囊,2375
辛苍鼻舒口服液,2376
天麦消渴片,2377
妇炎康复胶囊,2378
九味渣驯丸,2379
伤痛舒,2380
加味五石膏,2381
咳嗽糖浆,2382
麻痛足浴散,2383
四神片,2384
延胡胃安胶囊,2385
清咽润喉丸,2386
冠心苏合胶囊,2387
消风合剂,2388
六味甘草散,2389
半夏止咳糖浆,2390
消栓再造丸,2391
沉香化滞丸,2392
十三味析冥丸,2393
妇炎净,2394
茵花洗液,2395
三株口服液,2396
嘎日迪五味丸,2397
十五丸芸鹏丸,2398
积雪苷片,2399
地奥心血康片,2400
龙胆泻肝胶囊,2401
鼻窦炎方,2402
针灸外洗液,2403
万应止痛膏,2404
阿胶当归合剂,2405
保妇康泡沫剂,2406
前列宁胶囊,2407
跌打活血胶囊,2408
十三味红花丸,2409
五味安神颗粒,2410
天黄猴枣散,2411
扶正女贞素片,2412
小儿麻甘颗粒,2413
活血润肤膏,2414
鱼腥草注射液,2415
丹珍头痛胶囊,2416
跌打酒,2417
梅翁退热颗粒,2418
健胃止痛合剂,2419
平喘胶囊,2420
骨炎灵膏,2421
开喉剑喷雾剂,2422
黄藤素软胶囊,2423
降脂通脉胶囊,2424
乙肝宁颗粒,2425
静脉炎胶囊,2426
风痛灵,2427
止咳清肺口服液,2428
消肿止痛膏,2429
通络止痛胶囊,2430
湿毒软膏,2431
抗感解毒颗粒,2432
溶栓脑康胶囊,2433
癃清胶囊,2434
二陈丸,2435
抗癌平丸,2436
止血宝颗粒,2437
荆花胃康软胶囊,2438
蛇胆陈皮散,2439
清热散结片,2440
双辛鼻窦炎颗粒,2441
益气生津茶,2442
羚羊感冒口服液,2443
消糜栓,2444
中风再造丸,2445
二十九味羌活散,2446
中风急救合剂,2447
肠宁舒口服液,2448
肺宁胶囊,2449
止痒消炎王,2450
清肺丸,2451
香砂和胃丸,2452
杜仲合剂,2453
耳聪丸,2454
止咳片,2455
关节通片,2456
消癌平口服液,2457
口炎宁颗粒,2458
可明胶囊,2459
三黄灌洗液,2460
抗敏灵颗粒,2461
仙林骨褒胶囊,2462
荡石片,2463
温经通络散,2464
六味锦鸡儿汤散,2465
二十五味冰片散,2466
头舒丸,2467
宝咳宁颗粒,2468
清热解毒片,2469
参蛤河车胶囊,2470
抗纤胶囊,2471
复肝宁片,2472
香砂平胃颗粒,2473
温胆宁心颗粒,2474
接骨继筋协定方,2475
乳块消片,2476
活络止痛胶囊,2477
补肾通痹壮骨丸,2478
双清合剂,2479
热毒清口服液,2480
当归苦参丸,2481
芩翘口服液,2482
十二味翼首散,2483
祛寒逐风合剂,2484
风湿二十五味丸,2485
抗纤1号,2486
生血养心协定方,2487
化痔胶囊,2488
金莲花颗粒,2489
十六味马兰子,2490
启脾丸,2491
颅通定,2492
通便灌肠剂,2493
消渴明目丸,2494
嘎纳吉哇,2495
复方消化酶,2496
复方小儿退热栓,2497
克咳片,2498
山腊梅颗粒,2499
山莨菪麝香膏,2500
山绿茶降压片,2501
胆痛立消片,2502
鼻炎宁颗粒,2503
四物颗粒,2504
银杏提取物,2505
羚羊感冒片,2506
复方桔梗片,2507
肝力保胶囊,2508
四黄膏,2509
安康胶囊,2510
清肺止咳丸,2511
黄连上清胶囊,2512
葛根素注射剂,2513
藿香正气颗粒,2514
达协德孜透巴,2515
利胆排石合剂,2516
复方蛇脂软膏,2517
利肝口服液,2518
癌复康片,2519
宽筋藤,2520
欣力康颗粒,2521
理肝降脂胶囊,2522
丹皮酚软膏,2523
力生吸血胶囊,2524
地黄止血胶囊,2525
六灵丸,2526
五仁醇胶囊,2527
金红片,2528
化瘀镇痛胶囊,2529
雪上一枝蒿速效止痛搽剂,2530
钩藤片,2531
猕猴桃颗粒,2532
红药气雾剂,2533
舒痔丸,2534
黄葵胶,2535
金龙胶,2536
健血颗粒,2537
金鸡颗粒,2538
泌尿宁胶囊,2539
生脉II号口服液,2540
京制咳嗽痰喘丸,2541
天麻丸,2542
前列泰片,2543
血拴通注射液,2544
四味藏木香汤散,2545
金芪降糖胶囊,2546
芒果止咳片,2547
清凉油,2548
消化胶囊,2549
九味石榴散,2550
母乳多颗粒,2551
口腔炎喷雾剂,2552
山楂颗粒,2553
石榴八瓣莲花散,2554
正骨活络油,2555
阿嘎日,2556
藿砂口服液,2557
小儿咳喘灵口服液,2558
脉管复康片,2559
柴胡和肝胶囊,2560
西瓜霜,2561
柴银感冒颗粒,2562
消Y丸,2563
五子降脂胶囊,2564
舒筋驳骨片,2565
鸦胆子油软胶囊,2566
小儿咳嗽合剂,2567
复方黄连素软膏,2568
止血祛瘀明目片,2569
磺胺止咳合剂,2570
胆安合剂,2571
经带宁胶囊,2572
清热合剂,2573
复方化毒膏,2574
通灌合剂,2575
八正胶囊,2576
金石利咽颗粒,2577
妇炎康复片,2578
丹七软胶囊,2579
山苏,2580
促愈灵擦剂,2581
辛灵灌洗液,2582
复方百部止咳颗粒,2583
养血安神片,2584
半夏露糖浆,2585
八位小柴胡散,2586
抗栓再造丸,2587
眠安康口服液,2588
紫归治裂膏,2589
尿石通合剂,2590
十一味草果散,2591
抗病毒胶囊,2592
三七五味片,2593
金松止痒洗液,2594
舒肝散,2595
鸡骨草丸,2596
褐藻多糖硫酸酯,2597
猴头健胃灵胶囊,2598
薄荷麝香草酚搽剂,2599
脑心清胶囊,2600
养胃舒软胶囊,2601
维血宁,2602
二十五味鹿角,2603
小柴胡片,2604
金茵利胆胶囊,2605
阿娜尔妇洁液,2606
保心宁胶囊,2607
益元散,2608
夏枯草膏,2609
牛黄安宫丸,2610
力加寿片,2611
清凉膏,2612
奇方一贴灵,2613
三黄洗剂,2614
消喘膏,2615
冬青膏,2616
肺炎Ⅱ号服液,2617
宫瘤消胶囊,2618
法半夏枇杷膏,2619
芪风颗粒,2620
降糖甲片,2621
十三味哲尕丸,2622
香连丸,2623
清热散瘟口服液,2624
痔瘘洗剂,2625
扁咽口服液,2626
山海丹片,2627
活血定眩胶囊,2628
复方桔梗止咳片,2629
活心丸,2630
左归丸,2631
治偏痛颗粒,2632
裸花紫珠胶囊,2633
消炎镇痛膏,2634
朴实颗粒,2635
血脂平胶囊,2636
元胡止痛胶囊,2637
银柴颗粒,2638
舒胆胶囊,2639
消渴脂平胶囊,2640
橘红痰咳煎膏,2641
珍黄片,2642
骨痛逐瘀丸,2643
乳安合剂,2644
利夫康洗剂,2645
益母草片,2646
迈之灵,2647
香果健消片,2648
真菌一号合剂,2649
青黛膏,2650
定坤丹,2651
青柴颗粒,2652
帕歌斯片,2653
五淋化石胶囊,2654
夏枯草口服液,2655
浓柏合剂,2656
楂曲合剂,2657
黄地吉仙片,2658
安胃片,2659
西羚解毒丸,2660
热必宁口服液,2661
血康颗粒,2662
侗云,2663
田七跌打丸,2664
橘红梨膏,2665
伤科接骨胶囊,2666
小儿清热止咳颗粒,2667
感冒消炎片,2668
万应颗粒,2669
川贝止咳片,2670
金胃泰胶囊,2671
乳增宁片,2672
止嗽化痰丸,2673
胃肠灵胶囊,2674
感冒疏风颗粒,2675
感冒解毒颗粒,2676
升力合剂,2677
生血宝合剂,2678
麝香通心滴丸,2679
痔炎消片,2680
结石康胶囊,2681
复方鱼石脂黄芩栓,2682
桑蒺合剂,2683
花蛇解痒胶囊,2684
小儿葫芦散,2685
胃炎干糖浆,2686
舒肝祛脂胶囊,2687
驱虫散,2688
喉咽清口服液,2689
断血流片,2690
胆石利通糖衣片,2691
舒心宁片,2692
茵莲清肝颗粒,2693
安中宁神胶囊,2694
新保肾片,2695
独活片,2696
牛黄痔清栓,2697
黄芩颗粒,2698
祛瘀生化合剂,2699
女珍颗粒,2700
化痰合剂,2701
康艾注射剂,2702
创伤止痛乳膏,2703
清肠液,2704
血可宁颗粒剂,2705
二十五味竺黄丸,2706
抗感合剂,2707
益气追风胶囊,2708
复方青黛胶囊,2709
前列舒乐胶囊,2710
跌打红药片,2711
痛克星片,2712
复方石韦片,2713
八味金粉散,2714
大黄通便颗粒,2715
心脑舒口服液,2716
咽康灵,2717
十味手掌胶囊,2718
冰硼散,2719
山楂化滞丸,2720
五子衍宗丸,2721
十五味云鹏丸,2722
宁心定悸胶囊,2723
七味清咽气雾剂,2724
清爽合剂,2725
川芎茶调丸,2726
正骨丸,2727
保胎灵,2728
乳块消颗粒,2729
胎毒清片,2730
益康胶囊,2731
参芪十一味胶囊,2732
结核灵片,2733
维血宁口服液,2734
乳康片,2735
吉新杰八,2736
香菇多糖片,2737
解热宁颗粒,2738
板蓝根茶,2739
熊胆开明片,2740
寒湿痹颗粒,2741
克咳胶,2742
六君子丸,2743
连菊双花颗粒,2744
健脾养胃胶囊,2745
湿疹霜,2746
利鼻片,2747
前列康胶囊,2748
驱风油,2749
正露丸,2750
虎力散,2751
复方茵陈注射液,2752
搜迈金稿,2753
槐榆丸,2754
盆炎净胶囊,2755
达里周巴,2756
败酱片,2757
三味红汤散,2758
追地风片,2759
清肾颗粒,2760
酸枣仁,2761
乌丹降脂胶囊,2762
伤科跌打片,2763
通络灌肠颗粒,2764
天和骨痛贴膏,2765
肿痛搽剂,2766
矽碳银,2767
地黄颗粒,2768
养正消积胶囊,2769
复方大黄口服液,2770
坤泰胶囊,2771
金果利咽丸,2772
银黄连口服液,2773
威灵骨刺膏,2774
泻浊解毒胶囊,2775
归元升血胶囊,2776
莪术消徽丸,2777
水银丸,2778
理中丸,2779
补肾益脑胶囊,2780
惠血生胶囊,2781
感冒止咳膏,2782
心达康分散片,2783
霍胆丸,2784
痛瘀消,2785
筋骨力片,2786
胃友新片,2787
感冒清热胶囊,2788
痹痛合剂,2789
金叶败毒颗粒,2790
四物膏,2791
复方蒲芩胶囊,2792
洁肤净洗剂,2793
肝复乐胶囊,2794
七叶硝矾洗剂,2795
软坚散结胶囊,2796
清热解毒合剂,2797
广东凉茶,2798
止痛化症胶囊,2799
复方熊胆滴眼液,2800
止血祛淤明目片,2801
复方黄连膏,2802
小儿清热止咳口服液,2803
复方补肾颗粒,2804
川芎平喘合剂,2805
妇炎洁洗液,2806
五苓散,2807
复方芪薏胶囊,2808
小儿消积口服液,2809
十八味降汤丸,2810
消臌软坚丸,2811
补益通理合剂,2812
尿路通片,2813
止咳化痰颗粒,2814
万通筋骨贴,2815
八味秦皮丸,2816
乙肝丸,2817
万通炎康片,2818
小儿宣肺止咳颗粒,2819
乳核内消液,2820
复明胶囊,2821
腰腿痛丸,2822
喉咽丸,2823
沉香化气丸,2824
小儿肺热平胶囊,2825
甘露消毒丸,2826
肾炎温阳胶囊,2827
肝复康胶囊Ⅳ号,2828
一枝蒿伤湿祛痛膏,2829
牛黄醒消丸,2830
胆清胶囊,2831
洁尔舒洗剂,2832
三黄洗液,2833
抗炎合剂,2834
镇咳合剂,2835
经舒颗粒,2836
小儿百部止咳糖浆,2837
金花明目丸,2838
虎梅含片,2839
益脉康软胶囊,2840
盗汗宁颗粒,2841
麝香关节膏,2842
胃脘舒颗粒,2843
清炎合剂,2844
坚木哲周巴,2845
复方丹参气雾剂,2846
紫花烧伤膏,2847
茜芷胶囊,2848
百部养肺煎膏,2849
便可通片,2850
化痰散,2851
黄连上清颗粒,2852
苦木注射液,2853
金莲清热颗粒,2854
鼻舒适片,2855
达布班扎,2856
晕宁合剂,2857
益气聪明丸,2858
黄龙解毒胶囊,2859
肝精补血素口服液,2860
前列舒丸,2861
通淋消石汤茶,2862
复方独活丸,2863
中生利,2864
止血宁胶囊,2865
心脑联通胶囊,2866
补肺益寿合剂,2867
血复生胶囊,2868
千金逐水散,2869
强骨颗粒,2870
龙心素胶囊,2871
黄连膏,2872
小儿清热利肺口服液,2873
产后逐瘀胶囊,2874
乳核散结片,2875
酸枣仁膏,2876
龙血竭栓,2877
消炎解毒软膏,2878
清凉喉片,2879
六味安消片,2880
冠脉宁胶囊,2881
五味甘露药浴汤散,2882
小儿腹泻贴,2883
雾灵鼻通喷雾剂,2884
虫草排毒胶囊,2885
胆胰利通丸,2886
舒畅合剂,2887
复方鱼腥草片,2888
西黄解毒胶囊,2889
启脾口服液,2890
大卫颗粒,2891
止嗽青果丸,2892
麦味地黄口服液,2893
三味蔷薇散,2894
沉香十七味丸,2895
五痹解毒胶囊,2896
益气润肠膏,2897
清咽生音口服液,2898
胆石片,2899
八珍益母丸,2900
糖脂宁胶囊,2901
风湿塞隆胶囊,2902
解痉镇痛酊,2903
帕歌斯,2904
接骨续筋口服液,2905
薄荷,2906
慢肾衰Ⅰ号灌肠液,2907
益肾健骨片,2908
新肾炎胶囊,2909
眼科1号方贴,2910
胃乐舒口服液,2911
正柴胡颗粒,2912
灵黄口服液,2913
鼻窦炎颗粒,2914
止血贴,2915
克比奇羚羊角胶囊,2916
复方玉红栓,2917
天王补心丹,2918
黄蒲通窍胶囊,2919
芪归胶囊,2920
山枚胶囊,2921
灵芝孢子粉胶囊,2922
枳实导滞丸,2923
宣肺止咳合剂,2924
咽炎片,2925
寒喘祖帕颗粒,2926
达夏居尼,2927
复方猴头颗粒,2928
大补阴丸,2929
儿童清肺口服液,2930
十味金黄膏,2931
肝胆通合剂,2932
小青龙口服液,2933
千里光片,2934
黄酒,2935
脑血疏口服液,2936
康妇特栓,2937
薄荷脑石腊油,2938
五虎镇痉通络胶囊,2939
小儿清咽颗粒,2940
产康乐合剂,2941
葛根,2942
精芪补肾丸,2943
复方血藤通络胶囊,2944
茵陈,2945
炎消迪娜尔糖浆,2946
尿通卡克乃其片,2947
创伤二号协议方,2948
肝健胶囊,2949
血复生浸膏,2950
益心颗粒,2951
二十五味竺黄散,2952
复方益母草流浸膏,2953
止血通明合剂,2954
蒲地蓝消炎胶囊,2955
前列泰胶囊,2956
妇炎灵栓,2957
平肝脉通片,2958
九味痔疮胶囊,2959
鸡骨草肝炎颗粒,2960
前列通瘀片,2961
济生肾气片,2962
小黄丸,2963
十八味欧曲丸,2964
小儿清热止咳合剂,2965
正骨精,2966
葛根芩连微丸,2967
前列金丹片,2968
消炎胶囊,2969
强肝丸,2970
复方光明胶囊,2971
天麻头风灵胶囊,2972
益中生血片,2973
金嗓清音丸,2974
华蟾素胶囊,2975
太宝骨炎灵胶囊,2976
正元脑宁片,2977
十一方酒,2978
复方茶多酚洗液,2979
祛瘀益胃胶囊,2980
鼻渊胶囊,2981
复方辣椒贴片,2982
一清滴丸,2983
化积镇痛膏,2984
复方红豆衫胶囊,2985
驱风合剂,2986
烧伤一号,2987
三臣散,2988
雪莲通脉丸,2989
风湿止痛散,2990
丹参颗粒,2991
青海麝香膏,2992
除湿止痒软膏,2993
清凉油乳剂,2994
咳宁片,2995
复方酸枣仁膏,2996
利胆排石颗粒,2997
乐舒洗液,2998
乳泉颗粒,2999
理气消胀合剂,3000
心脑灵片,3001
和肝利胆颗粒,3002
郁金银屑片,3003
喉舒宁片,3004
赤茵糖浆,3005
止咳宁嗽胶囊,3006
藿香,3007
天绵精,3008
清眩片,3009
石榴健胃散,3010
小儿回春颗粒,3011
参茯胶囊,3012
虫草头孢菌胶囊,3013
十三味唐乌散,3014
归芪口服液,3015
肝醇,3016
铁箍散,3017
金羚感冒胶囊,3018
止痛化於胶囊,3019
消癌丸,3020
川贝糖浆,3021
康达心口服液,3022
参威口服液,3023
止血胶囊,3024
玄驹胶囊,3025
妇洁搽剂,3026
孕康糖浆,3027
跌打膏,3028
复方荆芥熏洗剂,3029
芪莲降糖片,3030
人丹,3031
骨痨敌注射液,3032
黄藤素分散片,3033
肠炎宁片,3034
宁嗽露糖浆,3035
赛胃安胶囊,3036
夏天无片,3037
顺胃舒袋泡颗粒,3038
三蛇胆川贝糖浆,3039
脑血舒通口服液,3040
柏栀祛湿洗液,3041
益肺清化膏,3042
苏子油软胶囊,3043
溶栓灵胶囊,3044
肉豆蔻,3045
消肿痔疮片,3046
脑得生浓缩丸,3047
木瓜丸,3048
猪苓多糖胶囊,3049
复方苦木消炎片,3050
清炎洗剂,3051
皮敏消胶囊,3052
万氏牛黄清心丸,3053
曲麦枳术丸,3054
止咳灵,3055
荔花鼻窦炎片,3056
扫吉得,3057
三黄散,3058
葛根芩连片,3059
蝉贝合剂,3060
正心泰颗粒,3061
止痒粉,3062
祛痰镇惊胶囊,3063
舒心降脂片,3064
肿痛外擦酊,3065
胃散,3066
双黄连滴眼剂,3067
珍珠末,3068
胃痛宁片,3069
银翘解毒合剂,3070
乾坤生血胶囊,3071
雪胆素胶囊,3072
咳喘灵胶囊,3073
宫瘤清胶囊,3074
六锐散,3075
3号骨炎太宝丸,3076
麝香心脑通胶囊,3077
红景天,3078
麝香祛痛气雾剂,3079
通脉颗粒,3080
滋肾育胎丸,3081
复方黄藤洗液,3082
补骨脂注射液,3083
调胃颗粒,3084
清肺抑火丸,3085
五方散,3086
安神补脑颗粒,3087
川贝末胶囊,3088
七叶莲片,3089
儿感退热宁口服液,3090
复方青黛丸,3091
止喘灵气雾剂,3092
血腑逐淤口服液,3093
退热解毒注射液,3094
强力脑心康片,3095
川贝枇杷露,3096
叶下珠胶囊,3097
双清口服液,3098
大活洛丸,3099
复方伤痛宁胶囊,3100
肠炎宁糖浆,3101
黛芩化痰丸,3102
活络丸,3103
复方薤白胶囊,3104
增乳膏,3105
益心酮滴丸,3106
当玛曲珍,3107
化痔灵片,3108
白癜风胶囊,3109
希明婷片,3110
阿日赛泻,3111
小建中颗粒,3112
活风湿止痛丸,3113
加味生化颗粒,3114
痔血合剂,3115
黑豆馏油软膏,3116
健脾养肝丸,3117
芎归接骨胶囊,3118
慢咽合剂,3119
参松养心胶,3120
复方穿心莲片,3121
金刚片,3122
抗骨质增生片,3123
妇月康胶囊,3124
嘎纳居久,3125
痔爽灵洗剂,3126
活血止痛软胶囊,3127
g桐胶囊,3128
精制海马追风膏,3129
消炎止咳片,3130
胃乐舒颗粒,3131
二夏清心片,3132
清热解毒液,3133
金嗓合剂,3134
脂脉康胶囊,3135
乙酰麦迪霉,3136
益盛胶囊剂,3137
小儿化痰止咳冲剂,3138
通便茶,3139
仁术健胃颗粒,3140
养心安神片,3141
瘀血痹片,3142
炎见宁片,3143
润肤止痒散,3144
清咽利喉茶,3145
小儿退热口服液,3146
脑灵片,3147
养血舒筋药酒,3148
小儿退热贴,3149
二十五味能消散,3150
复方风湿宁片,3151
降糖舒胶囊,3152
穿心莲内酯片,3153
参芪十一位颗粒,3154
金石清热颗粒,3155
跌打定痛胶囊,3156
香茯益血口服液,3157
癣湿药水,3158
六味丁香丸,3159
小儿护肺口服液,3160
肾衰康灌肠液,3161
复方黑参颗粒,3162
溶栓通络胶囊,3163
逍遥颗粒,3164
清脉灵胶囊,3165
独一味颗粒,3166
硝矾洗剂,3167
胃乐胶囊,3168
地黄生津胶囊,3169
蝶脉灵注射液,3170
金黄利胆胶囊,3171
止咳桃花散,3172
芪蛭降糖片,3173
尿感灵颗粒,3174
薄芝片,3175
维尔佳康,3176
加味透骨颗粒,3177
贯黄感冒片,3178
肾炎安胶囊,3179
复方大承气合剂,3180
烧伤湿润膏,3181
清热八味散,3182
黄藤素胶囊,3183
通便丸,3184
复方大青颗粒,3185
宫宁颗粒,3186
复方玄驹胶囊,3187
银黄滴丸,3188
复方蒂达胶囊,3189
甲片,3190
达斯玛保丸,3191
肝乐颗粒,3192
妇科止血灵片,3193
穿心莲内酯注射剂,3194
珍珠胃安丸,3195
小儿感冒退热糖浆,3196
龙胆泻肝片,3197
薄荷脑石腊油滴鼻液,3198
皮肤病血毒丸,3199
加味天麻胶囊,3200
复方补骨脂颗粒,3201
新血丹颗粒,3202
肾安合剂,3203
健脾糖浆,3204
元胡胃舒胶囊,3205
四味光明盐汤散,3206
秦皮滴眼液,3207
双金利咽颗粒,3208
阿拉坦阿如,3209
胃灵颗粒,3210
脑力静糖浆,3211
二十四味沉香散,3212
复方健胰颗粒,3213
消肿正痛酊,3214
行气消癖胶囊,3215
蟹黄肤宁软膏,3216
复心片,3217
双黄升白颗粒,3218
金钱草清淋颗粒,3219
诺布登汤,3220
车前子,3221
金黄散,3222
坤灵丸,3223
舒阴洁洗剂,3224
儿童回春颗粒,3225
安中解毒颗粒,3226
安神定志丸,3227
六味地黄颗粒,3228
利肝隆片,3229
镇咳宁,3230
双金连合剂,3231
双菊饮,3232
治痫灵,3233
格贡却登,3234
参芍片,3235
降香,3236
强力安肛洗液,3237
千玉洁抗菌洗液,3238
血速升颗粒,3239
桔梗八味颗粒,3240
妇科二号外洗液,3241
蝮龙金丸,3242
前炎清片,3243
心脑健片,3244
古日古木-13,3245
羌活,3246
内消瘰疬片,3247
熊胆消痔灵软胶囊,3248
复方羊肝丸,3249
初伤胶囊,3250
田七镇痛膏,3251
七味葡萄胶囊,3252
消炎灵胶囊,3253
护肝饮,3254
婴儿健脾口服液,3255
伤痛宁膏,3256
小儿热咳口服液,3257
抗病毒丸,3258
通痹胶囊,3259
灵芝益气胶囊,3260
蠲痹颗粒,3261
云南白药痔疮膏,3262
冬菀止咳颗粒,3263
清咽气雾剂,3264
清化保安丸,3265
片仔癀,3266
野马追糖桨,3267
复方雪莲胶囊,3268
肤康醑,3269
鼻炎合剂,3270
鳖龙软肝片,3271
桑菊感冒片,3272
疏肝理脾片,3273
痛宁片,3274
金莲清热泡腾片,3275
桑菊感冒合剂,3276
成人一号方,3277
复方荷叶胶囊,3278
养阴生肌散,3279
红花油,3280
仙客来注射剂,3281
少林正骨精,3282
化瘀复元胶囊,3283
胆乐片,3284
乳宁片,3285
小柴胡丸,3286
内消瘰疬丸,3287
复方满山白糖浆,3288
五味渣驯丸,3289
导泻合剂,3290
宁心胶囊,3291
五灵止痛胶囊,3292
夏枯草颗粒,3293
利胆止痛片,3294
布如宁丸,3295
复方鳖甲软肝胶囊,3296
五味余甘子汤散,3297
心脑灵,3298
肠宁胶囊,3299
乙肝清热解毒颗粒,3300
热敷药,3301
治糜灵栓,3302
勒西周巴,3303
脑力清胶囊,3304
速效骨伤愈合剂,3305
勒美登巴,3306
清喉咽合剂,3307
感冒止咳颗粒,3308
育阴降压胶囊,3309
肾衰康颗粒,3310
苏子,3311
参芪强肝胶囊,3312
康乐鼻炎片,3313
结石清胶囊,3314
骨伤外洗剂,3315
附贵骨痛胶囊,3316
四神丸,3317
鼻炎滴剂,3318
益智温肾十味丸,3319
利胆排石散,3320
消炎颗粒,3321
复方降压胶囊,3322
穿龙骨刺片,3323
六味地黄片,3324
愈风四号,3325
玄麦柑桔颗粒,3326
糖尿灵片,3327
腰痹痛胶囊,3328
活血降浊胶囊,3329
灵仙跌打片,3330
青鹏涂剂,3331
人工牛黄,3332
滋阴明目丸,3333
去感热口服液,3334
白英散结胶囊,3335
当飞利肝宁片,3336
炎立消胶囊,3337
脂肝合剂,3338
保安散,3339
止血八味散,3340
志苓胶囊,3341
复方芪红口服液,3342
煅石膏,3343
天芝草胶囊,3344
畅脉乐Ⅱ号胶囊,3345
毒消肝清丸,3346
俄曲觉杰,3347
珠黄散,3348
六味五灵片,3349
喉症泻火茶,3350
壮骨通痹丸,3351
脉血康肠溶胶囊,3352
宫颈炎康栓,3353
西黄清醒丸,3354
脾约丸,3355
胆胃康胶囊,3356
清音茶,3357
通关散,3358
赤吉德谢,3359
麻仁润肠软胶囊,3360
滋肾清利胶囊,3361
脉管复康胶囊,3362
克银丸,3363
六神药液,3364
厚朴排气合剂,3365
天藤降压口服液,3366
复方臭灵丹合剂,3367
平痔胶囊,3368
脉络通胶囊,3369
胃疡灵口服液,3370
通络下乳口服液,3371
八正颗粒,3372
伤二号合剂,3373
鼻渊软胶囊,3374
清热止咳颗粒,3375
姜黄消痤搽剂,3376
克癀胶囊,3377
山楂丸,3378
二十五味寒水石散,3379
碧玉散,3380
佳蓉片,3381
灯盏花素葡萄糖注射液,3382
七味酸藤果丸,3383
海丹胶囊,3384
保胎丸,3385
清胃保安丸,3386
生血小板胶囊,3387
大黄糖肾胶囊,3388
新力正骨喷雾剂,3389
双金胃肠胶囊,3390
去甲斑蝥酸,3391
消炎退热颗粒,3392
消积止咳口服液,3393
熊胆丸,3394
黄芪胶囊,3395
桉柠蒎肠溶胶囊,3396
回生第一散,3397
金砂五淋丸,3398
炙条,3399
二十五味绿绒蒿丸,3400
和胃降逆胶囊,3401
活络胶囊,3402
活血消肿接骨贴,3403
艾附暖宫丸,3404
硫酸钙,3405
止痛透骨膏,3406
番泻叶颗粒,3407
罗布麻叶颗粒,3408
芦笋片,3409
海马舒活膏,3410
加味八珍益母膏,3411
安神颗粒,3412
活血化瘀片,3413
虎杖痛风颗粒,3414
鹿角片,3415
泌尿宁颗粒,3416
金刚消炎丸,3417
昆仙胶囊,3418
黄柏胶囊,3419
化瘀清胆合剂,3420
金归洗剂,3421
抗病毒注射液,3422
洁康舒洗剂,3423
复方白及灌肠剂,3424
龙血竭含片,3425
黄蒲洁肤洗剂,3426
脂溶性维生素(Ⅱ),3427
清热逐风合剂,3428
疏糖益肾丸,3429
消瘀膏,3430
十味龙胆丸,3431
根痛平胶囊,3432
消肿片,3433
银黄胶囊,3434
肝喜乐胶囊,3435
小儿柴桂退热口服液,3436
嘎日那格10,3437
小儿感冒宁糖浆,3438
小儿化痰止咳糖浆,3439
宫颈癌片,3440
更衣胶囊,3441
茵杖舒胆合剂,3442
当归丸,3443
小儿清肺化痰口服液,3444
冰石愈伤软膏,3445
川芎清脑颗粒,3446
小儿清热止咳糖浆,3447
十八味杜鹃丸,3448
十八味大象红花散,3449
小儿饮料合剂,3450
穿王消炎胶囊,3451
清咽润喉糖浆,3452
宫环养血颗粒,3453
便秘灵,3454
小儿金翘颗粒,3455
益咽合剂,3456
晚晴口服液,3457
粘脂饮,3458
千山活血膏,3459
肝特灵片,3460
外用万应膏,3461
参松养心颗粒,3462
肝脂胶囊,3463
泽桂隆爽,3464
温肾消肿丸,3465
奇正青鹏膏,3466
温阳平喘胶囊,3467
草珊瑚含片,3468
晕可平颗粒,3469
通立康贴,3470
消癌平糖浆,3471
五参安神合剂,3472
百草骨炎灵片,3473
滴通鼻炎水喷雾剂,3474
青梅,3475
肛泰,3476
清肠合剂,3477
五味五灵丸,3478
清毒胶囊,3479
参柏洗液,3480
夏桑菊颗粒,3481
蒲公英胶囊,3482
银黄解毒胶囊,3483
益气解毒颗粒,3484
胆木注射液,3485
磁朱丸,3486
毕琼觉阿口服散剂,3487
山参花茶泡剂,3488
愈风宁心丸,3489
熊胆救心丹,3490
疤痕止痒软化乳膏,3491
宁血络片,3492
伤痛宁胶囊,3493
大膏药,3494
胆木浸膏片,3495
仁青常觉,3496
人参养荣丸,3497
八味西红花止血散,3498
人参胃康片,3499
国老调律丸,3500
耳聋丸,3501
伤风止咳糖浆,3502
胆胃宁颗粒,3503
乳增宁胶囊,3504
羊藿三七片,3505
生化丸,3506
清源化痰颗粒,3507
肾衰泻浊丸,3508
润肠胶囊,3509
驱风抗感颗粒,3510
骨骼风痛喷剂,3511
三七止血胶囊,3512
牛黄清心,3513
胆石净胶囊,3514
胆清片,3515
大黄蛰虫胶囊,3516
桂附地黄胶囊,3517
肠道清结散,3518
烧伤膏,3519
烧伤擦剂,3520
金药膏,3521
达思玛宝,3522
双香排石颗粒,3523
茵白肝炎胶囊,3524
速效牛黄丸,3525
四味珍层冰硼滴眼液,3526
通脉降糖胶囊,3527
通脉片,3528
桔红,3529
金鸡片,3530
肉蔻五味散,3531
荣筋片,3532
地榆油,3533
妇炎丸,3534
蒿白伤湿气雾剂,3535
益中生血胶囊,3536
前列舒康胶囊,3537
谷许啦奔建,3538
复方西羚解毒丸,3539
强腰丸,3540
羟乙基,3541
六味余甘子汤散,3542
雷公藤双层片,3543
六经头痛片,3544
沈阳红药,3545
古汉养生精口服液,3546
十五味止泻木散,3547
咳喘停合剂,3548
利肝丸,3549
十味诃子汤散,3550
灵仙胶囊,3551
咳喘停号II号合剂,3552
龙胆泻肝口服液,3553
橘红片,3554
神农镇痛膏,3555
羚黄宝儿丸,3556
肾宝胶囊,3557
肾复康片,3558
银屑颗粒,3559
芙朴感冒胶囊,3560
利咽祛感片,3561
生化汤丸,3562
茯苓多糖口服液,3563
安神补心片,3564
固本丸,3565
去脂柔肝剂,3566
止痛栓,3567
双骨三子胶囊,3568
清风藤片,3569
双丹口服液,3570
六神胶囊,3571
舒眠片,3572
十六味消渴胶囊,3573
喉症丸,3574
抗感冒解热片,3575
清热口服液,3576
颈腰二号,3577
再造生血胶囊,3578
热咳清合剂,3579
舒乐安定片,3580
清解片,3581
葛根芩连丸,3582
德曼念保阿瓦,3583
胆克利脂胶囊,3584
二十八味槟榔丸,3585
橘红化痰胶囊,3586
十一味能消丸,3587
颈痛宁,3588
仙人掌胃康胶囊,3589
黄芪,3590
心痛康片,3591
减味紫雪口服液,3592
消瘤胶囊,3593
活心丹,3594
竺黄,3595
茴香橘核丸,3596
蒲郁胶囊,3597
复方血栓通滴丸,3598
消栓合剂,3599
回生甘露散,3600
补骨胶囊,3601
硒卡拉胶囊,3602
活血止痛续骨膏,3603
益脉康胶囊,3604
加味归芪片,3605
新微宝营养液,3606
五味子糖浆,3607
芎菊上清丸,3608
复方珍珠口疮颗粒,3609
壮骨膏,3610
宁心益智口服液,3611
藏茵陈胶囊,3612
小儿双清颗粒,3613
小儿热咳清胶囊,3614
复方风湿宁针,3615
一正痛消贴膏,3616
小儿咳嗽糖浆,3617
盆腔炎片,3618
女金片,3619
小儿肠胃康颗粒,3620
女金胶囊,3621
牛黄蛇胆川贝胶囊,3622
加减地黄丸,3623
寒痹外用方,3624
牛膝多糖胶囊,3625
心脑健胶囊,3626
消瘀丸,3627
消瘀康胶囊,3628
牛黄消炎丸,3629
消炎止咳丸,3630
慢支咳喘宁胶囊,3631
消炎丸,3632
补白颗粒,3633
活血清脑灵颗粒,3634
七味酸藤果散,3635
参麦颗粒,3636
血尿灵颗粒,3637
胃宁茶,3638
胃炎宁颗粒,3639
那如三味片,3640
众生片,3641
血府遂瘀胶囊,3642
养肝益水颗粒,3643
芪归糖痛宁颗粒,3644
胃痛胶囊,3645
尿石通消糖浆,3646
胃萎康片,3647
温肾益心丹胶囊,3648
化痰液,3649
奇方骨痹胶囊,3650
复方红藤糖浆,3651
那仁满都拉,3652
化痰通腑液,3653
养胃片,3654
黄连羊肝丸,3655
五福化毒丸,3656
复方半边莲注射液,3657
定清片,3658
降糖精颗粒,3659
冬凌草胶囊,3660
明目上清片,3661
鼻炎清口服液,3662
骨伤合剂,3663
泻痢固肠丸,3664
伊和乌兰汤,3665
大蒜油软胶囊,3666
散结通胶囊,3667
黑膏药,3668
三味黑矾汤散,3669
丹参胶囊,3670
三七断骨巴布膏,3671
溃疡散,3672
宫颈癌栓,3673
银密片,3674
骨刺消痛胶囊,3675
生血养心协定方贴,3676
生血康口服液,3677
丹参口服液,3678
复方红曲口服制剂,3679
玄胡索止痛软胶囊,3680
芎芷痛瘀散,3681
咳露口服液,3682
痤疮灵颗粒,3683
新养肾丸,3684
复方紫银消炎膏,3685
达夏尼阿,3686
黄连素片,3687
复方紫云膏,3688
腰椎间盘突出巴布贴,3689
复方红根草片,3690
心脑康片,3691
化石颗粒,3692
活血酒,3693
亚吉尼阿,3694
蛭龙血通胶囊,3695
心原胶囊,3696
肾康栓,3697
心血丹注射液,3698
炎立消片,3699
克糖灵,3700
大黄V虫胶囊,3701
活血解痛膏,3702
宫瘤宁胶囊,3703
银翘解毒胶囊,3704
穿心莲软胶囊,3705
回天再造丸,3706
五积丸,3707
紫灯片,3708
柴黄片,3709
金乔麦片,3710
阿归养血颗粒,3711
金苘肾石颗粒,3712
降糖宁胶囊,3713
益智宁合剂,3714
开喉剑喷雾剂(儿童型),3715
猴头健胃灵,3716
乌鸡白凤片,3717
复方川贝母片,3718
四味姜黄汤散,3719
参蛤纳气合剂,3720
斯日西胶囊,3721
爽咽茶,3722
双清片,3723
五子衍宗口服液,3724
五参口服液,3725
金归洗液,3726
复方百部止咳糖浆,3727
参芪消渴胶囊,3728
肝喜乐片,3729
金胆胶囊,3730
洁阴康洗液,3731
金地茶糖浆,3732
托普替康,3733
乌金胶囊,3734
头痛宁口服液,3735
金莲花片,3736
金果含片,3737
苍乌合剂,3738
胃祥宁颗粒,3739
骨伤康复外洗颗粒,3740
百蕊颗粒,3741
问荆糖浆,3742
感冒灵片,3743
荆防合剂,3744
益气散结胶囊,3745
痔特佳胶囊,3746
午时茶,3747
家尔康洁阴液,3748
甘草甜素片,3749
十一味草果丸,3750
甘草口服液,3751
解毒清肺合剂,3752
十味龙胆颗粒,3753
首乌益肾骨康丸,3754
阿胶颗粒,3755
疏风解毒胶囊,3756
止血灵胶囊,3757
十六味杜鹃花丸,3758
小儿康颗粒,3759
十九味草果散,3760
冰珍清目滴眼液,3761
功劳去火胶囊,3762
复方台乌片,3763
小儿清热宁颗粒,3764
驳骨片,3765
九华痔疮膏,3766
湿热痹片,3767
参柏舒阴洗液,3768
复方土槿皮酊,3769
柏诺特胶囊,3770
颈痛灵胶囊,3771
健脾颗粒,3772
肝胆宁片,3773
葛酮通络胶囊,3774
沉香安神散,3775
健胃冲剂,3776
健骨丸,3777
舒筋活络酊,3778
九味沉香胶囊,3779
甘露消渴胶囊,3780
茵栀黄胶囊,3781
九味青鹏散,3782
疏肝利胆冲剂,3783
疏肝胶囊,3784
补肾祛毒丸,3785
清感穿心莲片,3786
愈风宁心胶囊,3787
脉血康片,3788
羚玳息风丸,3789
免疫风湿一号,3790
脑肽胶囊,3791
奇正炎痛贴,3792
复方木鸡颗粒,3793
明目地黄胶囊,3794
安神镇惊二十味丸,3795
止咳灵糖浆,3796
杞黄肾泰胶囊,3797
排石通淋口服液,3798
平肝舒络丸,3799
脑力宝片,3800
秦皮接骨胶囊,3801
人参北芪片,3802
冬苑止咳胶囊,3803
七味肝胆清胶囊,3804
冬凌草糖浆,3805
热淋清片,3806
利胆素片,3807
梅花点舌丸,3808
复方苦木胶囊,3809
如意金黄膏,3810
防风通圣颗粒,3811
鬼臼,3812
八味感冒口服液,3813
桂龙咳喘宁片,3814
落花安神合剂,3815
二十五味秦艽膏,3816
晕宁颗粒,3817
冠心2号,3818
灵芝糖浆,3819
全蝎,3820
枣仁宁神胶囊,3821
乳腺康注射液,3822
清热通腑合剂,3823
脑得灵片,3824
胆香鼻炎片,3825
丹鹿通督片,3826
鹤蟾片,3827
强筋健骨丸,3828
芩连胶囊,3829
蒂达丘汤口服散剂,3830
二至丸,3831
止咳平喘糖浆,3832
连翘败毒片,3833
脾肾两助丸,3834
嘎日西胶囊,3835
固肾定喘丸,3836
止血膏,3837
华蟾素口服液,3838
清心沉香八味丸,3839
羚羊角二十五味丸,3840
香莲丸,3841
平哮合剂,3842
疏肝解郁胶囊,3843
独活寄生合剂,3844
清热败毒口服液,3845
当归活血酒,3846
橘红化痰片,3847
健身消导颗粒,3848
脊痛消二号胶囊,3849
七厘散,3850
西当登巴,3851
凉血解毒丸,3852
舒肝止痛丸,3853
海马万应膏,3854
斧标驱风油,3855
十五味化痰丸,3856
甲氯酚酯,3857
白热都旦口服散剂,3858
十三味新冥丸,3859
消栓止痛胶囊,3860
复方血栓通片,3861
卡络磺,3862
平喘抗炎胶囊,3863
消炎止痛膏,3864
益肾通便丸,3865
十味手参散,3866
龟甲养阴片,3867
消症益肝片,3868
独一分散味片,3869
喉疾灵片,3870
清热利湿合剂,3871
清热解毒化浊片,3872
十一方药酒,3873
十三味肠瘤石榴散,3874
康复液10号,3875
肝必复软胶囊,3876
淋清合剂,3877
二十五味明目丸,3878
珍珠光明丸,3879
银耳,3880
疗肺散胶囊,3881
聚磺苯乙烯,3882
金天格,3883
胃尔康颗粒,3884
癃闭舒片,3885
金嗓子喉宝片,3886
芩连片,3887
痰净片,3888
产妇康颗粒,3889
灌肠液固肠煎灌肠液,3890
金酸萍颗粒,3891
参芪王浆补血液,3892
感冒药片,3893
止痒洗剂,3894
止得咳颗粒,3895
跌打损伤贴,3896
青柏洁身洗液,3897
益母颗粒,3898
肝速康胶囊,3899
止咳二号,3900
通络软坚胶囊,3901
紫归解毒膏,3902
柴防口服液,3903
柴胡解毒胶囊,3904
通便秘合剂,3905
羌月乳膏,3906
感冒热毒清,3907
金马肝泰颗粒,3908
安尿通胶囊,3909
金枇杷含片,3910
益肾降浊颗粒,3911
肝胃气痛片,3912
阿胶补血口服液,3913
维血康颗粒,3914
天麻葛根颗粒,3915
肠安胶囊,3916
强心宁合剂,3917
云南白药片,3918
止咳橘红丸,3919
乌捎祛风片,3920
精制银翘解毒片,3921
芪冬颐心颗粒,3922
吾吉德谢,3923
降氮排毒液,3924
芦笋胶囊,3925
清喉咽颗粒,3926
清肠通便胶囊,3927
关节镇痛膏,3928
姜胆咳喘片,3929
复方新洁灵,3930
复方健胰胶囊,3931
五味清浊丸,3932
灯心止血糖浆,3933
皮炎洗剂,3934
肠舒片,3935
四黄汤,3936
妇炎净片,3937
温胃扶正胶囊,3938
胶藕胶囊,3939
杠板归糖浆,3940
稳心胶囊,3941
养血明目丸,3942
水蛭消栓合剂,3943
双黄连注射剂,3944
清肠拴,3945
清肠汤,3946
妇炎洁泡腾异形片,3947
仲景胃灵片,3948
二十五味竹黄胶囊,3949
复方万年青胶囊,3950
安神一号胶囊,3951
复方苍耳子片,3952
玉连清胃散,3953
扶正合剂,3954
新咳灵合剂,3955
牛黄利咽丹,3956
心痛宁滴丸,3957
牛黄清心丸（局方）,3958
麝香心痛宁片,3959
血生口服液,3960
痹痛胶囊,3961
骨疽拔毒散,3962
白草香解郁安神胶囊,3963
活血镇痛胶囊,3964
竹红菌素软膏,3965
胆木浸膏胶囊,3966
溃疡胶囊,3967
乳腺增生丸,3968
新血丸,3969
邦子久尼口服散剂,3970
坤复康片,3971
活血通脉胶,3972
养阴安神丸,3973
肾福康胶囊,3974
薤葶合剂,3975
诺迪康口服液,3976
玉屏风片,3977
一捻金,3978
复方羊角片,3979
复方止咳胶囊,3980
肤舒止痒膏,3981
熊胆川贝口服液,3982
口腔溃疡膜,3983
黄芪多糖,3984
大活洛胶囊,3985
鼻渊合剂,3986
尿毒宝胶囊,3987
芎菊上清片,3988
杏苏止咳颗粒,3989
大黄,3990
复方岗松洗液,3991
理血还光丸,3992
血府逐瘀软胶囊,3993
山楂降脂片,3994
十三味青兰散,3995
大七厘胶囊,3996
急肝退黄胶囊,3997
苦参素,3998
日目阿瓦,3999
乳痛软坚片,4000
雪莲胶囊,4001
中伤胶囊,4002
伏莆洗液,4003
果叶登巴,4004
宣肺饮,4005
化瘀胶囊,4006
三参通脉合剂,4007
正骨紫金丸,4008
肺痿合剂,4009
胖大海清凉润喉泡剂,4010
赛智当尼,4011
肺热普清散,4012
小儿解表颗粒,4013
复方银花片,4014
断血流胶囊,4015
羊角片,4016
连柏汤合剂,4017
嘎日迪-13I号,4018
抗感解毒片,4019
安中片,4020
清胰利胆颗粒,4021
抗病毒糖浆,4022
玉竹颗粒,4023
乐频清丸,4024
清咽喉合剂,4025
清眩宁胶囊,4026
杜仲平压片,4027
肾炎片,4028
霍香正气胶囊,4029
宫缩一号口服液,4030
馥感啉口服液,4031
霍香正气丸,4032
复方豆蔻合剂,4033
板蓝清热颗粒,4034
脉舒胶囊,4035
宣肺止咳颗粒,4036
龙凤接骨膏,4037
正路丸,4038
脑功肽口服液,4039
祖师麻关节止痛膏,4040
胃炎康胶囊,4041
果拉久格,4042
泽泻,4043
参芪五味子糖浆,4044
益肾化瘀健脑Ⅰ号,4045
玄胡止痛片,4046
参芪阿胶合剂,4047
跌打药水,4048
玄地凉血胶囊,4049
二丁颗粒,4050
安肠胶囊,4051
益肾壮腰丸,4052
制首乌颗粒,4053
同仁大活络丸,4054
北豆根胶囊,4055
温元胶囊,4056
金花清感颗粒,4057
贝杏止咳糖浆,4058
养血当归糖浆,4059
强力脑清素,4060
炎必消胶囊,4061
复方降压片,4062
金参润喉合剂,4063
血脂灵片,4064
前列疏通胶囊,4065
复方鼻炎膏,4066
养阴润喉茶,4067
参南星口服液,4068
外用无敌膏,4069
龙牡壮骨颗粒,4070
外用结肠散,4071
复方白芨灌肠剂,4072
复方益母草胶囊,4073
金刚藤软胶囊,4074
复方美登木片,4075
二十九味能消散,4076
洁肤净洗液,4077
维肝福泰片,4078
摩罗口服液,4079
千年通痹丸,4080
益气生津散,4081
保妇康洗剂,4082
癃必舒,4083
龙虎人丹,4084
杞枣神衰胶囊,4085
雪梨膏,4086
洁悠神长效抗菌剂,4087
杞药消渴口服液,4088
参芪津力丸,4089
肝泰宝胶囊,4090
协日嘎四味汤散,4091
腰突症1号,4092
杜仲壮骨胶囊,4093
脉络通,4094
霍香正气液,4095
补金片,4096
剑之亭滴丸,4097
健宝灵片,4098
小儿退热颗粒,4099
马应龙八宝眼膏,4100
消渴痹通,4101
偏瘫复原丸,4102
消结安胶囊,4103
痔炎消颗粒,4104
复方大青叶注射液,4105
痔瘘内消丸,4106
曼尕玉哇,4107
莪术油,4108
消胆合剂,4109
消瘅片,4110
消疬膏,4111
麦全冬定注射液,4112
痔特佳片,4113
消肿橡胶膏,4114
珍珠烧伤膏,4115
小儿氨酚黄那敏,4116
小儿保元丹,4117
脉管Ⅱ号胶囊,4118
小儿导赤片,4119
盆腔炎合剂,4120
支气管协定方,4121
麦神开胃口服液,4122
珍视明滴眼液,4123
小儿化毒散,4124
痔速宁片,4125
甘草,4126
加味霍香正气丸,4127
病毒清口服液,4128
皮癣涂剂,4129
通脉降脂丸,4130
兵兵退热贴,4131
复方地肤子洗液,4132
肝脾调补合剂,4133
宁泌泰,4134
回升口服液,4135
东方活血膏,4136
安阳膏药,4137
乌蛇止痒丸,4138
腰痛灵胶囊,4139
降糖通脉胶囊,4140
醒脑注射液,4141
抑眩宁片,4142
肿痛消气雾剂,4143
泌感颗粒,4144
杏灵分散片,4145
乌鸡增乳胶囊,4146
杏灵颗粒,4147
乌鸡白凤胶囊,4148
降脂通络软胶囊,4149
黄芪消白颗粒,4150
鹿胎膏,4151
脑血康丸,4152
降糖丸,4153
珍黄丸胶囊,4154
熊胆消瘤胶囊,4155
补心片,4156
牛皮癣酊,4157
镇江膏,4158
香菊颗粒,4159
复律宁颗粒,4160
遏云茶,4161
心脑清胶囊,4162
宁心安神胶囊,4163
复肝酶胶囊,4164
参蓝口服液,4165
七味螃蟹甲散,4166
五味岩精丸,4167
健胃消胀片,4168
回心康片,4169
泌感合剂,4170
罗汉果止咳片,4171
复方川贝清喉喷雾剂,4172
参坤养血颗粒,4173
活血排石胶囊,4174
参贝支扩片,4175
止血合剂,4176
四消丸,4177
清凉含片,4178
史达功糖浆,4179
清热定宫丸,4180
防感口服液,4181
灵芝合剂,4182
开胸顺气胶囊,4183
羚羊清肺颗粒,4184
灵黄膏,4185
清金止嗽化痰丸,4186
十八味润僵汤散,4187
狮马龙活络油,4188
清咽利喉糖浆,4189
生肌象皮膏,4190
肺宁片,4191
抗宫炎软胶囊,4192
升血颗粒,4193
十三味仁青达西,4194
术康冲剂,4195
顺气十三味散,4196
妇炎净胶囊,4197
筋骨伤喷雾剂,4198
肠炎宁胶囊,4199
双威独青胶囊,4200
六味大黄散,4201
茵陈五苓丸,4202
疏肝止痛片,4203
妇炎洁,4204
创伤一号协议方,4205
猴耳环消炎薄膜衣片,4206
舒胃胶囊,4207
安神补脑口服液,4208
复方金蒲片,4209
清火片,4210
沉香化气胶囊,4211
舒筋节利制剂,4212
睛明片,4213
软Y散结合剂,4214
骨刺消痛片,4215
肤乐乳膏,4216
骨刺消痛液,4217
桑姜感冒片,4218
复方苦参片,4219
鱼腥草,4220
三乌胶,4221
升血宝,4222
止嗽立效丸,4223
砂仁,4224
坤净栓,4225
三黄消肿软膏,4226
风痛安胶囊,4227
拉美查皎妮日,4228
骨软组织损伤协定方,4229
老鹳草软膏,4230
萨丽冲,4231
三味清热止痒洗剂,4232
麝香止痛贴膏,4233
十三味石榴散,4234
骨折再生丸,4235
利咽II号胶囊,4236
纯阳正气丸,4237
咳喘膏,4238
去炎酊,4239
红花逍遥胶囊,4240
乳块消合剂,4241
全天麻片,4242
沙棘颗粒,4243
咳宁糖浆,4244
人参茎叶总皂苷胶囊,4245
余麦口咽合剂,4246
大败毒胶囊,4247
大柴胡颗粒,4248
山楂调中丸,4249
珠苏木丸,4250
抗帕颗粒,4251
慈航片,4252
感冒丸,4253
益心酮软胶囊,4254
金莲花分散片,4255
造血再生片,4256
猴头菌糖衣片,4257
天菊脑安胶囊,4258
蟾酥镇痛膏,4259
冠心静片,4260
芩翘通窍胶囊,4261
苏斯-12胶囊,4262
六味解毒饮,4263
志嘎汉,4264
枳术宛中胶囊,4265
紫丹活血片,4266
六味石榴胶囊,4267
猴头菌颗粒,4268
感冒疏风片,4269
金线莲鲜草口服液,4270
二十五味主药散,4271
葶苈降血脂胶囊,4272
羌防痹安片,4273
托毒丸,4274
退热口服液,4275
葶苈子,4276
外感风痧颗粒,4277
神曲,4278
心脉静胶囊,4279
抗乙肝胎盘转移因子,4280
宫炎平胶囊,4281
铁棒槌止痛膏,4282
活血接骨丹,4283
热痹外用方,4284
古墨膏.,4285
复方硫酸镁,4286
辛夷鼻炎丸,4287
铋雷尼替丁,4288
儿康宁糖浆,4289
复方苦木消炎胶囊,4290
野菊花颗粒,4291
活络消痛胶囊,4292
活血化瘀1号,4293
恩乐舒胸胶囊,4294
安神二号胶囊,4295
利肝片,4296
红花如意丸,4297
痹痛宁丸,4298
复黄生肌愈创油,4299
诺迪康片,4300
复抗丸,4301
痔炎消胶囊,4302
复方甘草浙贝氯化氨,4303
心无忧片,4304
前列倍喜胶囊,4305
脉络疏通颗粒,4306
小儿金丹片,4307
复方黄芪含漱液,4308
小儿解热栓,4309
生化合剂,4310
抗感一号,4311
痔洗一号,4312
银芩胶囊,4313
王痹冲剂,4314
脉络舒通丸,4315
鸡骨草片,4316
十三味辛夷滴鼻剂,4317
连翘,4318
复方五倍子膏,4319
鸡眼膏,4320
抗蛋白尿片,4321
穿心莲滴丸,4322
固肠胶囊,4323
鸡枸菟生血颗粒,4324
前列舒乐片,4325
抗心肌炎片,4326
抗纤丸,4327
泻肝安神胶囊,4328
祛瘀散结胶囊,4329
姚氏前列安合剂,4330
小牛脾去蛋白提取物,4331
伤科散,4332
富博力一擦灵,4333
胆石通利胶囊,4334
帕朱散,4335
生白合剂,4336
小儿退热栓,4337
槟榔四消片,4338
排毒养颜胶囊,4339
外用止咳散,4340
祛风止痒口服液,4341
抗瘤升白片,4342
肾炎四味胶囊,4343
银屑片,4344
小儿智力糖浆,4345
鼻塞通滴鼻剂,4346
肤宝乳膏,4347
苍耳子鼻炎胶囊,4348
乳香胶囊,4349
快胃舒肝丸,4350
苦蛇酊,4351
三味蒺藜汤散,4352
养阴镇静丸,4353
玉屏风滴丸,4354
风湿关节炎片,4355
咽特佳含片,4356
血府遂瘀口服液,4357
腰舒胶囊,4358
三子止咳胶囊,4359
枫苓合剂,4360
伞吉迪吉,4361
雪胆素片,4362
复方益肝丸,4363
石林通片,4364
益髓颗粒,4365
强力皮炎康搽剂,4366
木香顺气颗粒,4367
养脑调神胶囊,4368
六味消痔胶囊,4369
二母宁嗽丸,4370
乐孕宁口服液,4371
润肺止咳胶囊,4372
阳和通脉片,4373
通络痹安片,4374
化瘀丸,4375
苦参胶囊,4376
复方华蟾胶囊,4377
复方鱼石脂肛门栓,4378
炎宁胶囊,4379
阿胶补血膏,4380
三参消渴胶囊,4381
滋肾宁心胶囊,4382
岩鹿乳康胶囊,4383
强力止咳宁胶囊,4384
赛智班玛达杰,4385
肤阴洁液,4386
乳宁胶囊,4387
克感灵,4388
金莲花口服液,4389
克痹骨泰胶囊,4390
金莲花软胶囊,4391
行气破瘀合剂,4392
鼻渊糖浆,4393
山芪消渴胶囊,4394
鱼金注射液,4395
肉蔻四神丸,4396
复方公英片,4397
银黄注射液,4398
泌尿排石合剂,4399
复方女贞子颗粒,4400
止痛化Y片,4401
镇咳宁滴丸,4402
鸢都感冒颗粒,4403
治肝宁合剂,4404
新止骨增生丸,4405
熊胆消痔灵,4406
童宝乐,4407
鱼星草素,4408
散瘀膏,4409
感冒康胶囊,4410
桑椹,4411
附桂骨通胶囊,4412
黄芪降白颗粒,4413
大黄灌肠液,4414
免疫风湿三号,4415
少腹逐瘀胶囊,4416
参仙升脉口服液,4417
通乐口服液,4418
骨痛贴膏,4419
克淋通胶囊,4420
增生平片,4421
芎蛭通络胶囊,4422
二十五味阿魏胶囊,4423
紫金锭,4424
鼻炎糖浆,4425
清金糖浆,4426
五味石榴丸,4427
脂可平胶囊,4428
舒导片,4429
速效降脂片,4430
裸花紫珠栓,4431
舒耳丹片,4432
地麻滴鼻液,4433
羚羊角散,4434
胃安胶囊,4435
细辛,4436
鹿茸片,4437
复方活脑舒,4438
迥西周巴,4439
止痒水,4440
益气养血口服液,4441
六味光明盐散,4442
酒黄精,4443
止血消炎贴片,4444
云芝胞内糖肽片,4445
紫草清肺胶囊,4446
湘曲,4447
蒲元和胃胶囊,4448
补铁丸,4449
焦四仙汤剂,4450
益心丸,4451
清脑降压颗粒,4452
参百宁神口服液,4453
赤芍胶囊,4454
舒康洗液,4455
健脾灵,4456
胶原酶,4457
百合固金丸,4458
仙鹤胶囊,4459
吉如和-12胶囊,4460
清肠口服液,4461
生精胶囊,4462
香连化滞丸,4463
归红注射液,4464
妇可靖胶囊,4465
益气复脉颗粒,4466
颈肩腰痛丸,4467
寒水石二十一味散,4468
胃复春胶囊,4469
复方胃宁片,4470
洁阴露,4471
舒神灵,4472
双丹片,4473
蜈黛软膏,4474
归甲止痛胶囊,4475
乌力吉,4476
乌鸡接骨膏,4477
乌兰三味汤散,4478
芪归明目胶囊,4479
降压丸,4480
芪斛楂颗粒,4481
糖心平胶囊,4482
柳氮磺胺吡啶,4483
喉咽灵,4484
净石灵胶囊,4485
参归养血片,4486
舒乐搽剂,4487
罗才更赛口服散剂,4488
护心康片,4489
参胶生血颗粒,4490
益气补血片,4491
紫色消肿膏,4492
石氏理气固腰合剂,4493
灯盏花颗粒,4494
七味胃痛胶囊,4495
东扎赛智阿哇,4496
清肝退黄合剂,4497
定痛膏,4498
参苓腱脾颗粒,4499
降脂宁颗粒,4500
复方川贝精片,4501
川花止痛膜,4502
马蹄香,4503
皮康口服液,4504
康复灵栓,4505
复方龙胆合剂,4506
枣仁,4507
青叶胆片,4508
清热通淋片,4509
止咳橘红胶囊,4510
接骨胶囊,4511
微达康颗粒,4512
消遥丸,4513
消炎止痒散,4514
清热膜肾颗粒,4515
头胞克肟,4516
柴黄软胶囊,4517
胡日查六味丸,4518
食管解痉合剂,4519
接骨宁胶囊,4520
接骨续筋胶囊,4521
圣液口服液,4522
硝夫太尔,4523
施图伦眼药水,4524
拨云退翳丸,4525
参三七伤药胶囊,4526
湿敷一号,4527
康选乳膏,4528
四味珍层冰硼滴眼液(珍视明滴眼液),4529
康赛迪胶囊,4530
荡涤灵颗粒,4531
复方丹芎片,4532
肝脾消胶囊,4533
天门冬,4534
消痔合剂,4535
和胃胶囊,4536
清热止痒洗剂,4537
清热镇咳糖浆,4538
康泰安口服液,4539
消化散,4540
薄荷糖浆,4541
丁桂儿脐贴,4542
乙肝转阴散,4543
筋骨草胶囊,4544
白石清热颗粒,4545
十五味拉查散,4546
金栀洁龈含漱剂,4547
石橄榄,4548
红蚤休厚片,4549
清热胶囊,4550
肝病丸,4551
石膏丸,4552
石斛明目丸,4553
茵栀祛黄胶囊,4554
牵正散,4555
清气化痰丸,4556
羚翘解毒丸,4557
贫血丸(Ⅱ号),4558
甲亢灵片,4559
甲壳素护脐贴,4560
冠心通片,4561
清肠粉,4562
海麒舒肝胶囊,4563
四黄软膏,4564
十味诃子丸,4565
妇洁阴,4566
十味黑白散口服散剂,4567
复方金银花颗粒,4568
妇康宁片,4569
复方补乌糖浆,4570
肝维康片,4571
解毒胶囊,4572
哈日嘎布日-10,4573
猴疾灵胶囊,4574
肝爽颗粒,4575
骨力胶囊,4576
虎地肠溶胶囊,4577
艾消净片,4578
诃子吉祥丸,4579
复明颗粒,4580
复胃散片,4581
和胃丸,4582
骨折一号冲剂,4583
甘地胶囊,4584
复方柳菊片,4585
更年安胶囊,4586
红花逍遥片,4587
复方伤痛胶囊,4588
盖曼加保口服散剂,4589
冠心通络片,4590
嘎日迪-13II号,4591
红金消胶囊,4592
嘎日西,4593
注射用炎琥宁,4594
肝复康片,4595
复方五灵脂糖浆,4596
恒制咳喘胶囊,4597
虎凡液,4598
复方酮康唑,4599
喉痛灵片,4600
骨伤宁糖浆,4601
和胃消痞丸,4602
和肝利胆糖浆,4603
猴枣,4604
竹沥水,4605
肝得乐胶囊,4606
骨增消片,4607
狗皮王膏,4608
复方黄柏霜,4609
复方石斛片,4610
矮虎止咳口服液,4611
沈阳红药帖膏,4612
清肝灵,4613
十二味益母草糖浆,4614
十滴水,4615
生肌愈皮膏,4616
生肌愈红膏,4617
升阳十一味丸,4618
喘静胶囊,4619
升白康复口服液,4620
肾消颗粒,4621
肾毒清,4622
川辛通风丸,4623
肾宝合剂,4624
十三味大鹏丸丸,4625
神衰康颗粒,4626
神芪通痹丸,4627
拔毒膏,4628
翠莲解毒片,4629
永嘎邓角,4630
达里觉杰,4631
达日布久格,4632
蛇胆陈皮片,4633
烧伤止痛膏,4634
伤科七味片,4635
大黄（zhe）虫片,4636
吹喉消炎散,4637
舒肝明目丸,4638
速效感冒丸,4639
苏格木勒-3冲剂,4640
松节油,4641
四季青片,4642
四季草颗粒,4643
丝白祛斑软膏,4644
百步养肺煎膏,4645
双氢芬酸,4646
双黄消炎片,4647
术后1号方贴,4648
十六味冬青丸,4649
舒络丸,4650
山耳合剂,4651
陈皮注射液,4652
舒鼻灵滴鼻液,4653
疏表灵颗粒,4654
书沙-7,4655
石榴散,4656
石榴能安普利散,4657
石淋通胶囊,4658
川百止痒洗剂,4659
十五味萝蒂明目丸,4660
银耳孢糖胶囊,4661
十三味马蔺散,4662
署蓣皂苷,4663
祛风解毒颗粒,4664
丹芎瘢痕涂膜,4665
胆乐化瘀片,4666
八味锡类散,4667
仁丹,4668
人参,4669
热毒清颗粒,4670
八味檀香散,4671
去万液,4672
祛痰止咳胶囊,4673
祛风止痛丸,4674
大黄灵脾颗粒,4675
祛风通痹胶囊,4676
乳核散,4677
驱虫斑鸠菊注射液,4678
驱白巴布期片,4679
清幽益胃灵片,4680
胆胰健颗粒,4681
清咽舒茶,4682
当归芦荟丸,4683
清肾热十味散,4684
当归养血口服液,4685
清热散结扶正丸,4686
清火桅麦片,4687
清化饮,4688
祛风消肿酊,4689
赛智尼阿,4690
檀香片,4691
莎力嘎日迪II号,4692
杀菌止痒洗剂,4693
色日西丸,4694
桑麻口服液,4695
巴伞酥油丸,4696
三阳血傣合剂,4697
三味蒺藜散,4698
牛黄清感胶囊,4699
玉黄膏,4700
复方茵陈颗粒,4701
八味章芽菜丸,4702
丹参五味子片,4703
乳安片,4704
赛智更德,4705
赛智达尔斗,4706
噻吗心安,4707
育红油,4708
润肤止痒搽剂,4709
丹红化瘀口服液,4710
清肺散结丸,4711
软肝胶囊,4712
蛭芎胶囊,4713
乳疾灵颗粒,4714
山海丹胶囊,4715
玉泉散,4716
小儿肺热咳喘颗粒,4717
蟹壳,4718
泻肺合剂,4719
协日嘎-4,4720
小活洛丸,4721
小儿至宝丸,4722
小儿生血糖浆,4723
冰连滴耳剂,4724
板蓝根口服液,4725
冰珍去翳滴眼液,4726
病毒合剂,4727
补气养血颗粒,4728
小儿感冒片,4729
心舒宁片,4730
乙肝扶正胶囊,4731
消痔胶囊,4732
消症片,4733
薄荷桉油含片,4734
消炎止带外洗液,4735
板兰根注射液,4736
板兰根片,4737
消栓通颗粒,4738
乙肝清热解毒片,4739
消石片,4740
速效骨伤愈,4741
小儿鼓翘清热颗粒,4742
熊胆痔灵栓,4743
养血固本胶囊,4744
羊角胶囊,4745
眼明灵丸,4746
眼科2号方贴,4747
保心宁片,4748
延胡胃安片,4749
咽炎丸,4750
咽炎糖浆,4751
咽炎方口服液,4752
鼻清1号,4753
鼻咽灵片,4754
心可舒丸,4755
宣肺清热合剂,4756
便秘舒胶囊,4757
鼻炎丸,4758
熊胆舒肝利胆胶囊,4759
醒脑治瘫胶囊,4760
醒脑胶囊,4761
醒脑降压丸,4762
新咽灵喷雾剂,4763
新雪丹颗粒,4764
毕盖吉哇丸剂,4765
辛芷滴鼻丸,4766
心舒丸,4767
补肾固齿丸,4768
玄驹强力胶囊,4769
通鼻消涕冲剂,4770
外用紫金锭,4771
外洗一号,4772
益肾软肝合剂,4773
透骨散,4774
痛风消颗粒剂,4775
痛风舒胶囊,4776
痛风胶囊,4777
痛必灵,4778
同仁安神丸,4779
百合片,4780
消敏膏,4781
通腑宁颗粒,4782
维生素C银翘片,4783
天竺黄,4784
柴胡舒肝丸,4785
天仙解毒胶囊,4786
天麻头风灵片,4787
柴楝解毒胶囊,4788
天河骨痛膏,4789
天宝胶囊,4790
藤黄,4791
糖心通丸,4792
糖平散,4793
乳癖通丸,4794
益心复脉颗粒,4795
乌吉目,4796
抑亢丸,4797
益肝乐胶囊,4798
仙蝥抗癌片,4799
硒酯糖胶囊,4800
参柏舒阴冼液,4801
西瓜霜清咽含片,4802
五味石榴红花散,4803
五味山楂汤,4804
益母合剂,4805
五淋丸,4806
百亚合剂,4807
益肾降糖饮,4808
乌金活血止痛胶囊,4809
参芪益气胶囊,4810
胃疡灵颗粒,4811
参芪健胃颗粒,4812
胃特安片,4813
参芪降糖胶囊,4814
百蕊胶囊,4815
胃康灵丸,4816
参芪强力胶囊,4817
益气养阴口服液,4818
参芪五味子胶囊,4819
益肾补骨液,4820
胎宝胶囊,4821
乌军治胆片,4822
了哥王片,4823
美速静胶囊,4824
解酒肝胃康,4825
龙牡壮骨冲剂,4826
龙琥醒脑颗粒,4827
六味竹沥汤散,4828
止咳橘红口服液,4829
金佛止痛丸,4830
金妇康胶囊,4831
二十五味獐牙菜散,4832
金黄痔瘘丸,4833
止喘合剂,4834
肺心夏治胶囊,4835
利咽I号胶囊,4836
利心丸,4837
利尿八味散,4838
利脑心片,4839
金爵颗粒,4840
利肝健胃丸,4841
利胆排石汤,4842
肺咳清胶囊,4843
瘰疬宁,4844
正痛片,4845
芒果止咳糖衣片,4846
降酶丸,4847
麦芽颗粒,4848
麦味地黄丸,4849
枝子清火丸,4850
复方柴胡袋泡茶,4851
马钱子胶囊,4852
洁阴灵洗剂,4853
妇宁栓,4854
金龙定喘合剂,4855
裸花紫珠颗粒,4856
二十五味石榴散,4857
降脂丸,4858
罗布麻降压片,4859
复方参鹿颗粒,4860
治糖保肾颗粒,4861
洁身纯洗液,4862
氯噻嗪,4863
降脂软脉片,4864
菊藻丸,4865
茯蒲洗液,4866
止血定痛片,4867
金泰胶囊,4868
康乃馨,4869
金银花露,4870
止血二号胶囊,4871
侃汤阿日久松,4872
金栀洁龈含漱液,4873
制痂酊酊剂,4874
聚维酮碘,4875
妇阴洁湿巾,4876
荆防颗粒,4877
妇爽散,4878
妇科再造丸,4879
颈复颗粒,4880
妇女清洁液,4881
靖咽丸,4882
妇乐片,4883
颈腰康贴,4884
筋骨跌打丸,4885
肤痒冲剂,4886
降压一号片,4887
风湿二十味丸,4888
坤宁颗粒,4889
风痛宁片,4890
清肺止咳灵,4891
苦豆子油搽剂,4892
金牡利胆丸,4893
肤疾硫矾散,4894
抗病毒片,4895
枯痔液,4896
金钱草,4897
肤阴净洗剂,4898
咳喘宁片,4899
咳喘灵颗粒,4900
扶正平消胶囊,4901
抗粘降脂丸,4902
抗炎止痛口服液,4903
抗骨质增生胶囊,4904
芙蓉散,4905
金灵丹,4906
肤疾洗剂,4907
浦伐他汀,4908
断血流口服液,4909
藿胆片,4910
藿香正气片,4911
丁香罗勒油,4912
鸡苏散,4913
冬灵培元散,4914
七味葡萄丸,4915
奇正止痛膏,4916
积雪草,4917
气管炎咳嗽痰喘丸,4918
季得胜蛇药片,4919
甲清香菊片,4920
珍珠层粉,4921
健脑灵片,4922
皮宁丸,4923
砒哌酸,4924
复方大红袍止血胶囊,4925
杜仲,4926
二十五味秦艽散,4927
活血片,4928
清肺十三味散,4929
复方高锰酸钾,4930
清胆糖浆,4931
清痹片,4932
茴香,4933
芩暴红止咳片,4934
芩暴红止咳胶囊,4935
霍香正气口服液,4936
强力枇杷止咳胶囊,4937
七十味松石丸,4938
强尔心口服液,4939
痔炎冲洗灵,4940
痔血宁合剂,4941
调理通宝胶囊,4942
前列桂黄胶囊,4943
铵远合剂,4944
牵正胶囊,4945
霍香正气滴丸,4946
蔷薇花,4947
安胃疡,4948
健心颗粒,4949
礞石滚痰丸,4950
面容扶正散,4951
沐舒坦,4952
脑康口服液,4953
健胃愈疡胶囊,4954
脑康泰胶囊,4955
正大维他眼水,4956
脑心痛胶囊,4957
儿童清咽解热口服液,4958
宁嗽露,4959
宁血丸,4960
儿童感热清丸,4961
牛黄消炎灵,4962
浓缩当归丸,4963
健脾壮腰药酒,4964
健身长春膏,4965
健肾片,4966
脑泰乐片,4967
参苓健脾胃冲剂,4968
参蛤定喘丸,4969
阿格索阿口服散剂,4970
复方川贝止咳糖浆,4971
复方鸡内金片,4972
复方白茅根片,4973
复方附子口服液,4974
参蛤强肌力胶囊,4975
北豆根,4976
参桂再造丸,4977
附马开痹片,4978
安洛化纤丸,4979
妇炎净合剂,4980
复方甘草,4981
复方肝炎颗粒,4982
艾叶油胶囊,4983
复方岗松止痒洗液,4984
保胎颗粒,4985
安眠补脑糖浆,4986
参芪冠心片,4987
槟榔十三味丸,4988
槟榔七味丸,4989
荜铃胃痛颗粒,4990
保元丸,4991
复方败酱草丸,4992
复方虫草胶囊,4993
补肾强身胶囊,4994
痹证1号方,4995
补肾强身片,4996
便必舒胶囊,4997
宝儿康糖浆,4998
补肾益寿胶囊,4999
补肾壮骨胶囊,5000
安脑胶囊,5001
复方地茯口服液,5002
补肾宁片,5003
安神健脑液,5004
复方咽喉喷雾剂,5005
复方牙痛酊,5006
保妇康凝胶,5007
布秀俄曲玉觉,5008
薄地兰口服液,5009
复春散,5010
保儿宁颗粒,5011
补肾强骨丸,5012
便秘通软膏,5013
鼻咽合剂,5014
复方冬红合剂,5015
妇阴净洗液,5016
鼻敏爽胶囊,5017
安律胶囊,5018
儿咳合剂,5019
丹归活血合剂,5020
丹佛尔心脏健胶囊,5021
八味主药丸,5022
丹灯通脑片,5023
堆子久松,5024
八珍胶囊,5025
多辛杰巴,5026
多兴希玛,5027
丹参膏,5028
菖连定痫胶囊,5029
戴安神片,5030
丹溪玉屏风颗粒,5031
大唐奥通胶囊,5032
二拨散,5033
大黄利胆胶囊,5034
大黄降脂片,5035
二冬养心合剂,5036
大风子酊,5037
达协桑哇格觉,5038
痤疮灵,5039
寸金丹,5040
二十五味草寇散,5041
儿宝颗粒,5042
阿魏八味丸,5043
阿日善他拉哈,5044
复方忍冬藤口服液,5045
德士康制剂,5046
得玛赛智久松,5047
当药片,5048
当归益气颗粒,5049
地黄养阴胶囊,5050
当归,5051
地锦草片,5052
蒂达居松,5053
独活止痛搽剂,5054
调经祛斑胶囊,5055
独活寄生丸,5056
调脾合剂,5057
调元大补二十五味汤散,5058
跌打扭伤灵酊,5059
跌打洗液,5060
复方烧伤酊,5061
胆黄片,5062
氨薄荷醑,5063
定心丹,5064
复方蛇胆川贝散,5065
复方双子明目颗粒,5066
调肝和胃丸,5067
百咳静颗粒,5068
巴氏合剂,5069
菖蒲,5070
丹田降脂丸,5071
产术康合剂,5072
呋嘛滴鼻液,5073
扶正化痰口服液,5074
草仙乙肝胶囊,5075
苍辛气雾剂,5076
氟轻松酊,5077
复方桔梗枇杷糖浆,5078
风湿灵片,5079
复方鲜竹沥口服液,5080
长效止血栓,5081
参维冻干蜂王浆片,5082
妇肤康喷雾剂,5083
妇康宝口服液,5084
百虑消安乐片,5085
参杞益脑胶囊,5086
妇康口服液,5087
妇科十味片,5088
妇科消炎丸,5089
妇科止血灵,5090
百日咳糖浆,5091
参萸清眩膏,5092
防参止痒颗粒,5093
妇科止痒胶囊,5094
创面灵,5095
喘嗽宁片,5096
二十五味铜灰,5097
穿心莲内脂片,5098
白毛夏枯草喷喉液,5099
穿黄清热片,5100
安神糖浆,5101
川菊止痛胶囊,5102
二四胶囊,5103
百草膏,5104
矾藤痔注射液,5105
二十五味肺病药丸,5106
防风,5107
防芷鼻炎片,5108
赤和曼居久,5109
承载丸,5110
臣功再欣颗粒,5111
朝阳丸,5112
风寒双离拐片,5113
肠清茶,5114
风湿痹康胶囊,5115
风湿痹痛膏,5116
除湿止带胶囊,5117
如达6胶囊,5118
热毒平胶囊,5119
血塞通泡腾片,5120
理血王胶囊,5121
人参蜂王浆,5122
脱痂膏,5123
日琼口服散,5124
咽炎含片,5125
老蔻丸,5126
溶胆石颗粒,5127
溶石胶囊,5128
蓉浮软膏,5129
坤舒康颗粒,5130
柔肝解毒颗粒剂,5131
金莲花咀嚼片,5132
苦参槐花汤,5133
乳没合剂,5134
渴乐宁片,5135
克类散I号,5136
克瘤丸,5137
乳核内消颗粒,5138
炎可宁胶囊,5139
苦柏止痒洗液,5140
炎宁颗粒,5141
苦参凝胶,5142
如达周巴,5143
苦参丸,5144
苦胆草片,5145
炎宁糖浆,5146
利胆排石片,5147
养肝利胆颗粒,5148
杏仁,5149
全痔膏,5150
胃肠瘤消胶囊,5151
灵苓胶囊,5152
清胰片,5153
羚羊感冒颗粒,5154
疗骨胶囊,5155
羚羊清肺散,5156
凉血止痒丸,5157
清咽胶囊,5158
胃康颗粒,5159
清眩降压片,5160
六味地黄滴丸,5161
六味寒水石散,5162
清泻丸,5163
芎芋止痛片,5164
利咽丸,5165
痛肿灵,5166
全龟胶囊,5167
利咽茶,5168
韦舒达,5169
维新宝口服液,5170
列洛舒,5171
利咽颗粒,5172
利胆排石胶囊,5173
利咽饮,5174
祛风息痛胶囊,5175
胃宝胶囊,5176
祛风湿膏,5177
秋泻灵合剂,5178
胃肠复元膏,5179
祛风止痒散,5180
颈腰宁颗粒,5181
乙肝灵胶囊,5182
益气降糖片,5183
颈安康,5184
益气活血胶囊,5185
三七通疏胶囊,5186
益气明目丸,5187
通络去痛膏,5188
筋伤活络搽剂,5189
三七方消炎止痒,5190
三七丹参胶囊,5191
益肺清化颗粒,5192
络心通胶囊,5193
久如周汤,5194
咳停片,5195
益母丸,5196
通风丸,5197
天麻熄风胶囊,5198
金牌风油精,5199
金芪降糖颗粒,5200
益香当红膏,5201
金锁固精丸,5202
京尼阿日登觉,5203
益肾灵颗粒,5204
乙肝解毒胶囊,5205
金叶滴眼剂,5206
益肾口服液,5207
益肾康胶囊,5208
通腑醒神胶囊,5209
益气维血胶囊,5210
筋络宁软膏,5211
通鼻灵颗粒,5212
乳腺康胶囊,5213
痫复康片,5214
痛风颗粒,5215
痛风清洗剂,5216
抗肾衰片,5217
抗癣净乳膏,5218
抗病毒咀嚼片,5219
乳腺丸,5220
抗扁桃腺炎合剂,5221
痛经胶囊,5222
养血生发合剂,5223
养血生白片,5224
养血祛风胶囊,5225
养血安神颗粒,5226
六味能消口服液,5227
抗震止痉灵Ⅱ号,5228
赛智森汤,5229
三九感冒灵颗粒,5230
橘红化痰丸,5231
三九感冒颗粒,5232
蠲痹抗生丸,5233
三黄丸,5234
腰腿痛片,5235
伊血安颗粒,5236
咳速停糠浆,5237
一叶秋碱,5238
赛智杰八,5239
开郁舒肝丸,5240
通脉散胶囊,5241
一康清淋颗粒,5242
康明颗粒,5243
三黄合剂,5244
珀吉德谢,5245
强腰壮筋丸,5246
硼砂,5247
秦艽,5248
皮炎方,5249
枇杷叶,5250
秦息痛片,5251
消糜阴道泡腾片,5252
消食口服液,5253
葡萄柚洁阴护理液,5254
五味百部散,5255
蒲苓盆炎康颗粒,5256
消朦片,5257
消渴肾安,5258
清肺止嗽膏,5259
平地木,5260
排石利胆颗粒,5261
胃可安胶囊,5262
消遥软胶囊,5263
五积散,5264
消炎止痒霜,5265
消炎癣湿药膏,5266
消痞除满胶囊,5267
排石胶囊,5268
五味黄连丸,5269
清肠胶囊,5270
派立松软膏,5271
消炎灵,5272
消糖灵胶囊,5273
青黄胶囊,5274
五灵胶囊,5275
排石茶,5276
气滞胃痛胶囊,5277
七厘,5278
消癌平胶,5279
茜草丸,5280
杞菊地黄液,5281
仙灵骨保胶囊,5282
消毒饮,5283
前列通胶囊,5284
西洋参丸,5285
香莲外洗液,5286
香桂活血膏,5287
前胡,5288
香更吉尼,5289
香附丸,5290
先声咳喘灵口服液,5291
杞天口服液,5292
七叶神安分散片,5293
七味螃蟹甲丸,5294
七味清咽剂,5295
五味马钱子汤散,5296
七味通痹口服液,5297
午时茶颗粒,5298
强骨生血口服液,5299
强力银翘片,5300
消增散,5301
七珍汤丸,5302
七制香附丸,5303
西吉得,5304
西奇丁注射液,5305
西协杰久,5306
强筋健骨胶囊,5307
夕羚解毒丸,5308
脉络舒通,5309
清热灵冲剂,5310
麻甘口服液,5311
心宁胶囊,5312
心脉通胶囊,5313
心脉舒胶囊,5314
胃痛二号口服液,5315
心康丸,5316
清胃黄连丸,5317
清热镇咳片,5318
清热通淋丸,5319
清热排毒胶囊,5320
胃炎片,5321
毛冬青胶囊,5322
消银片,5323
玛木然止泻胶囊,5324
心舒乐片,5325
九味黑药散,5326
清瘟解毒丸,5327
六味消痔片,5328
清瘟解毒片,5329
鹿灵活络合剂,5330
清肾消毒饮,5331
铝薄地松,5332
温胃理气冲剂,5333
心舒宝胶囊,5334
氯丙嗪,5335
罗布麻叶片,5336
胃舒颗粒,5337
心神安胶囊,5338
罗汉果含片,5339
鹿胎颗粒,5340
牛黄猴枣散,5341
毛冬青片,5342
尿毒症灌肠1号方,5343
清咳平喘颗粒,5344
小儿牛黄清心散,5345
尿塞通胶囊,5346
小儿热速清,5347
宁神灵颗粒,5348
小儿热速清糖浆,5349
小儿解感颗粒,5350
小儿鸡内金散,5351
牛黄清宫丸,5352
小儿宝泰康颗粒,5353
逍遥片,5354
清骨消剌颗粒,5355
清金饮合剂,5356
男康片,5357
密骨胶囊,5358
蜜炼川贝枇杷露,5359
明珠口服液,5360
牡丹养心合剂,5361
小儿退热合剂,5362
小儿清解颗粒,5363
乌兰温都苏7,5364
心脏复元片,5365
小儿双金清热口服液,5366
脑康灵散剂,5367
脑乐静糖浆,5368
脑力静口服液,5369
脑灵素糖衣片,5370
脑瘤克胶囊,5371
清热败毒颗粒,5372
镇惊定志合剂,5373
壮腰舒筋胶囊,5374
十全大补丸,5375
肿痛消擦剂,5376
肿痛舒喷雾剂,5377
珍芪补血口服液,5378
化痔丸,5379
肿痛擦剂,5380
化Y回生片,5381
化湿利胆合剂,5382
麝香风湿膏,5383
粘膜溃疡散,5384
化毒散,5385
重楼,5386
宫血宁糖浆,5387
滑膜炎胶囊,5388
双连清热合剂,5389
肿痛安,5390
华佗风痛宝片,5391
镇咳散,5392
麝香祛痛擦剂,5393
宫炎康胶囊,5394
疏肝活血颗粒,5395
阴舒宁洗液,5396
中风丸,5397
十六味杜鹃丸,5398
蛇伤胶囊,5399
烧伤灵酊,5400
活血消瘿片,5401
活血贴膏,5402
烧烫宁,5403
活血明目片,5404
活血灵片,5405
麝香注射液,5406
感冒片,5407
关节克痹丸,5408
蛇胆川贝雪梨膏,5409
黄连胶囊,5410
感冒苏风丸,5411
古汉养生精片,5412
格昂吨巴,5413
蛇舌草,5414
泽桂癃爽片,5415
回春胶囊,5416
灰黄霉素片,5417
顺气化痰片,5418
顺气补心十一味丸,5419
黄芩,5420
珠珀保婴散,5421
珠贝定喘丸,5422
黄连消肿膏,5423
活血保心丸,5424
骨质增生止痛丸,5425
海墨止血片,5426
止血消炎贴,5427
海狗补肾胶囊,5428
中风1号,5429
止痒散,5430
肾炎丸,5431
止痒振荡剂,5432
升白康颗粒,5433
枳术颗粒,5434
枳术宽中胶,5435
护骨胶囊,5436
骨质增生丸,5437
骨炎通络丸,5438
制酸止痛胶囊,5439
滞胃痛颗粒,5440
舒尔经颗粒,5441
舒安卫生栓,5442
生脉颗粒,5443
归芪养血益气口服液,5444
生脉注射剂,5445
冠心通胶囊,5446
疏痛安涂膜剂,5447
冠心生脉丸,5448
生三七散,5449
桂姜通络颗粒,5450
止痢宁片,5451
感冒宁颗粒,5452
知母,5453
猴茹菌片,5454
伸筋活血汤,5455
骨补胶囊,5456
骨刺祛痛膏,5457
湿疹软膏,5458
湿敷三号1帖,5459
骨刺消痛膏,5460
神州跌打丸,5461
红藤合剂,5462
肾四味,5463
肾宝糖浆,5464
舒筋活络液,5465
骨骼风痛贴,5466
荷叶丸,5467
骨科洗剂,5468
骨剌片,5469
骨奇泰搽剂,5470
疏经方片,5471
舒筋通络颗粒,5472
肾衰灌肠液,5473
止泻贴,5474
止血宝片,5475
护肝宁丸,5476
肾八味胶囊,5477
石椒草咳喘颗粒,5478
糖微平丸,5479
银连含漱剂,5480
银杏叶丸,5481
沙参止咳汤散,5482
紫草油,5483
沙棘,5484
婴儿素,5485
降黄合剂,5486
荧光素纳,5487
富血口服液,5488
苔参,5489
泰宝痛消灵,5490
复肝宁胶囊,5491
十三味榜嘎散,5492
健胃止泻合剂,5493
活血止通胶囊,5494
石决明克,5495
滋肾丸,5496
山荷口服液,5497
健脾消食颗粒,5498
肝复颗粒,5499
山蜡梅叶颗粒,5500
鱼油胶囊,5501
健阳片,5502
复方珍麻胶囊,5503
金菊利咽口含片,5504
金甲排石胶囊,5505
天麻颈脑宁片,5506
祖师麻风湿膏,5507
金诃安神丸,5508
金刚藤丸,5509
十五味乳香鹏鸟散,5510
茵连清肝合剂,5511
茵连痛风颗粒,5512
金灯汤剂,5513
紫金散,5514
金蝉止痒颗粒,5515
银菊清咽颗粒,5516
茵栀黄片,5517
天胡抗痫片,5518
解郁合剂,5519
紫雪胶囊,5520
散血明目丸,5521
解毒泄浊Ⅱ号,5522
解表胶囊,5523
银滴速通滴丸,5524
结肠炎丸,5525
结肠炎奇效散,5526
右归丸,5527
天花粉蛋白注射液,5528
肝脂溶颗粒,5529
淑捷康洗液,5530
肝宁片,5531
山药,5532
加味胃炎消片,5533
加味双柏散,5534
山渣调中丸,5535
伤科2号糖浆,5536
元胡止痛口服液,5537
山香圆颗粒,5538
肝胃舒胶囊,5539
加味藿香正气软胶囊,5540
远红外活络止痛贴,5541
远红外去痛贴,5542
感冒合剂,5543
感冒解毒灵颗粒,5544
速效化痰片,5545
苏黄泻浊丸,5546
云苓,5547
云香十五味丸,5548
伤科结骨片,5549
山麦颗粒,5550
健骨生丸,5551
山香园片,5552
滋肾明目胶囊,5553
玉叶清火片,5554
榆黄喷雾剂,5555
酸枣仁合剂,5556
疏风活洛片,5557
肝康片,5558
五灵肝复胶囊,5559
参苓白术胶囊,5560
蜈蚣脱毒丸,5561
赤和角格贡杰八,5562
参地扶气片,5563
疏风再造丸,5564
石氏胸胁内伤合剂,5565
赤汤口服散剂,5566
石榴普安散口服散,5567
五味骨疽拔毒散,5568
参苓白术片,5569
赤丹退黄颗粒,5570
石昌蒲,5571
除萎平异颗粒,5572
冲和膏,5573
五味诃子丸,5574
参桂鹿茸丸,5575
不消痔灵注射液,5576
赤丹祛黄胶,5577
十一味治血散,5578
石斛,5579
夏枯草片,5580
石见穿,5581
五海瘿瘤丸,5582
五脂片,5583
溪黄草,5584
五味子酊,5585
五福心脑清胶囊,5586
除湿丸,5587
收口散,5588
擦癣药水,5589
熄风通络头痛片,5590
赤协尼阿,5591
五松肿痛酊,5592
疏风散寒颗粒,5593
五灵丹,5594
五林化石丸,5595
布格仁阿如,5596
石黄抗菌片,5597
五痹丸,5598
五柏参洗液,5599
五味角蒿油,5600
五维牛黄酸口服液,5601
希日汤,5602
虫草川贝膏,5603
虫草精胶囊,5604
速效口溃散,5605
四虫片,5606
参子洗剂,5607
通塞脉颗粒,5608
锁阳固精丸,5609
参血胶囊,5610
速孕保胎灵胶囊,5611
痛风止痛膜剂,5612
参香助运散,5613
速效心痛喷雾剂,5614
痛可帖,5615
通脉丸,5616
速效退热糖浆,5617
通脉灵片,5618
菖麻安神片,5619
头胞呋辛,5620
土鳖虫,5621
菟萸益肾煎膏,5622
退热合剂,5623
松石丸,5624
四味止泻木汤散,5625
四味黄连洗剂,5626
退热贴,5627
四逆汤,5628
双金胃疡胶囊,5629
痛贴灵,5630
桃红清血丸,5631
天麻颗粒,5632
天疱疮颗粒,5633
天沙合剂,5634
天天明冰珍清目滴眼,5635
柴胡镇咳片,5636
天蝎通络胶囊,5637
柴胡散结颗粒,5638
通府合剂,5639
天冬,5640
通嘎拉,5641
通窍耳聋丸,5642
替罗非斑氯化钠,5643
托瘀散,5644
通脉复脑合剂,5645
通脉降脂胶囊,5646
产宝口服液,5647
糖肾丸,5648
藏茵陈片,5649
糖利平胶囊,5650
唐草片,5651
通脉灵胶囊,5652
汤钦登巴,5653
藏藤接骨续筋片,5654
太平茶,5655
蟾马正痛酊,5656
胃痛灵颗粒,5657
四季润喉片,5658
胃刻宁片,5659
双丹颗粒,5660
潮安胶囊,5661
参芪降糖片,5662
胃力胶囊,5663
舒胸片,5664
舒清颗粒,5665
舒脉胶囊,5666
舒乐宁洗剂,5667
草果四味汤散,5668
舒筋消肿合剂,5669
参芪口服液,5670
胃萎灵冲剂,5671
舒筋胶囊,5672
胃炎二号颗粒,5673
舒肝调胃丸,5674
稳压胶囊,5675
翁沥通颗粒,5676
舒肤止痒酊,5677
舒风活络液,5678
舒尔阴洗液,5679
舒尔经胶囊,5680
乌灵胶,5681
胃痛灵2号胶囊,5682
胃必康颗粒,5683
参勺胶囊,5684
万灵五香膏,5685
顺势康胶囊,5686
旺胃宝颗粒,5687
参芩白术散,5688
水蛭,5689
维妇康洗液,5690
伪麻分散,5691
味止泻木汤散,5692
水杨酸乙醇,5693
双黄连咀嚼片,5694
肠胃宁片,5695
无烟灸条,5696
参芪首乌补汁,5697
双乙酰氨乙酸二胺,5698
肠炎灵胶囊,5699
肠炎宁,5700
双香排石冲剂,5701
双脑酚,5702
胃肠宁冲剂,5703
胃肠宁片,5704
胃复宁胶囊,5705
胃康宁胶囊,5706
畅脉乐Ⅰ号胶囊,5707
水牛角,5708
玉屏风散,5709
八味小檗皮胶囊,5710
愈肤油剂,5711
八味小皮散口服散,5712
八味野牛血散口服散,5713
愈风宁心口服液,5714
愈创宁洗剂,5715
苄达赖氨,5716
玉簪清咽十五味丸,5717
月见草油胶囊,5718
八珍片,5719
八珍丸,5720
玉林消石片,5721
俞风宁心片,5722
鱼腥草口服液,5723
八正片,5724
鱼鳞病片,5725
郁茵利胆颗粒,5726
孕妇金花片,5727
按摩乳,5728
增抗宁片,5729
泽桂窿爽片,5730
八宝惊风散,5731
八宝瑞生丸,5732
皂角,5733
枣安胶囊,5734
愈裂霜软膏剂,5735
八味贝灰散,5736
八味檀香丸,5737
云芝肝泰胶囊,5738
云芝多糖胶囊,5739
云芝胞内糖肽口服液,5740
八味金石蒙石散,5741
八味利肺散,5742
越橘保和丸,5743
婴咳合剂,5744
八味阿魏汤散,5745
益气复脉注射剂,5746
瘿瘤消胶囊,5747
益心饮口服液,5748
百咳净,5749
益髓生血颗粒,5750
益肾通心丸,5751
益肾灵胶囊,5752
百令片,5753
百草香解郁安神胶囊,5754
百癣夏塔热胶囊,5755
薏参胶囊,5756
益母片,5757
益坤宁颗粒,5758
益康宁口服液,5759
益精口服液,5760
益骨源片,5761
板兰大青颗粒,5762
乙肝灵丸,5763
益气养血片,5764
银华泌炎灵片,5765
珍母口服液,5766
婴儿湿疹霜,5767
白斑膏,5768
婴儿健脾颗粒,5769
银珠丸,5770
银屑灵颗粒,5771
白寇调中丸,5772
益血灵口服液,5773
银黄软胶囊,5774
营筋壮骨丸,5775
白色蔷薇丸,5776
银黛止咳,5777
银柴胡颗粒,5778
茵枝黄颗粒,5779
阴痒康洗剂,5780
百部糖浆,5781
薏芽健脾凝胶,5782
白苓健脾颗粒,5783
中风2号,5784
痔疮水,5785
珠芽蓼止泻颗粒,5786
众生胶囊,5787
爱活胆通,5788
爱活尿通肠溶片,5789
肿痛安片,5790
肿节胶囊,5791
壮骨关节胶囊,5792
中风球麻合剂,5793
壮西-21,5794
蛭蛇通络胶囊,5795
痔炎灵浓缩液,5796
痔血宁,5797
安坤种子丸,5798
痔康胶囊,5799
痔疾栓,5800
障羽散,5801
安尔眠颗粒,5802
滋阴降火糊,5803
1痛风清洗剂,5804
702糖浆,5805
紫血散,5806
阿格尼西,5807
紫雪颗粒,5808
阿归养血糖浆,5809
紫归长皮软膏,5810
猪苓多糖注射液,5811
子宫锭,5812
痔冲洗洗剂,5813
阿胶三宝膏,5814
追风透骨片,5815
阿那阿哇口服散剂,5816
阿那日十四味散,5817
追风活络胶囊,5818
阿日觉杰,5819
阿日丘汤,5820
紫草婴儿软膏,5821
镇咳祛痰口服溶液,5822
痔疮洗剂,5823
安神养血口服液,5824
脂清胶囊,5825
栀柏合剂,5826
知柏益肾骨康丸,5827
安替舒通片,5828
知柏地黄胶囊,5829
止骨增生丸,5830
正柴胡饮合剂,5831
止咳化痰丸,5832
安扎觉阿,5833
安扎玉汤口服散剂,5834
镇江膏药,5835
阵布格各居久,5836
真菌三号合剂,5837
珍芪散,5838
板蓝根胶囊,5839
正斜丸,5840
止血丹胶囊,5841
治咳枇杷露,5842
安眠补脑口服液,5843
枳术养胃片,5844
枳术丸,5845
枳陈消食口服液,5846
安神补脑胶囊,5847
止痒皮炎酊,5848
直肠舒,5849
止血片,5850
贞芪扶正片,5851
止泻胶囊,5852
止庠消炎水,5853
止痛化Y颗粒,5854
止嗽糖浆,5855
止嗽化痰冲剂,5856
安神宁,5857
止咳祛痰合剂,5858
安神补脑软胶囊,5859
消瘀散,5860
消水肿颗粒,5861
小儿清降丸,5862
冰王烧伤膏,5863
小儿利宝颗粒,5864
小儿咳宁糖浆,5865
病毒灵冲剂,5866
小儿化食口服液,5867
小儿通便合剂,5868
消增合剂,5869
小儿退热滴肠液,5870
消瘀化石合剂,5871
消炎止痒洗剂,5872
消炎灵洗剂,5873
薄荷止痒酊,5874
消炎灵片,5875
消炎利喉口服液,5876
心衰颗粒,5877
消症散,5878
哮喘片,5879
乙肝健胶囊,5880
痹症1号,5881
心荣颗粒,5882
避瘟丹精,5883
三味痔疮栓,5884
心宁片,5885
滁菊颗粒,5886
小儿清热宣肺贴膏,5887
心力舒泰片,5888
消拴通络胶囊,5889
哮喘宁颗粒,5890
小建中合剂,5891
小儿止咳喘颗粒,5892
鳖甲软肝胶囊,5893
小儿咽扁冲剂,5894
小儿喜食颗粒,5895
小儿退热片,5896
心力丸,5897
香苏正胃丸,5898
补肺益寿合剂2号,5899
消风止痛宁胶囊,5900
消风颗粒,5901
消风膏,5902
补肾益肝颗粒,5903
消痤搽剂,5904
消疮合剂,5905
补肾强身丸,5906
香药胃安胶囊,5907
消骨增贴,5908
香砂枳术丸,5909
补血当归精,5910
补血康口服液,5911
香砂养胃软胶囊,5912
补血片,5913
补正续骨丸,5914
香柏酊,5915
香云肝泰片,5916
补肾扶正胶囊,5917
消食退热糖浆,5918
消食灵颗粒,5919
消乳增胶囊,5920
补脑丸,5921
补脑汁,5922
补气安神丸,5923
补气口服液,5924
补肾清热合剂,5925
消渴灵片,5926
痹通药酒,5927
消渴降脂胶囊,5928
消渴痹通颗粒,5929
消咳颗粒,5930
补肾抗衰片,5931
消咳胶囊,5932
消结安口服液,5933
消核膏,5934
补气养血汤,5935
保胎无忧片,5936
倍生颗粒,5937
养血止痒颗粒,5938
保和散,5939
养心口服液,5940
保灵孕宝口服液,5941
养心定悸胶囊,5942
养心安眠胶囊,5943
保肝降酶丸,5944
炎热清软胶囊,5945
养真片,5946
炎热清胶囊,5947
保婴丹,5948
延寄参胶囊,5949
咽炎饮,5950
咽炎一号,5951
咽炎颗粒,5952
心衰康胶囊,5953
养筋解毒胶囊,5954
夜宁糖浆,5955
酰胺吡酮,5956
颐和春口服液,5957
依美西坦,5958
伊洛卡诺,5959
伊和汤,5960
一扫光药膏,5961
一清胶丸,5962
养阴清肺颗粒,5963
宝宝乐颗粒,5964
咽热清,5965
宝珍橡胶膏,5966
姚氏三黄洗剂,5967
腰腿痛方合剂,5968
腰痛Ⅰ号,5969
腰通宁胶囊,5970
氧血清脑颗粒,5971
氧化锌丁香油,5972
一捻金胶囊,5973
星菖防复中口服液,5974
贝牡散结丸,5975
秀曼赖却,5976
秀才登巴,5977
熊胆痔灵膏,5978
熊胆栀胶囊,5979
杏香兔耳风片,5980
醒脾开胃颗粒,5981
玄麦甘桔口服溶液,5982
星瑙灵,5983
玄麦柑秸颗粒,5984
鼻渊丸,5985
新血颗粒,5986
新蛇脂软膏,5987
新宁灵,5988
欣儿宝冲剂,5989
心血丹注射剂,5990
心欣舒胶囊,5991
醒脑安神胶囊,5992
血俯逐淤胶囊,5993
鼻窦清合剂,5994
咽喉宁喷雾剂,5995
咽喉宁合剂,5996
牙周消口服液,5997
鸦胆子油,5998
鼻敏片,5999
血平胶囊,6000
虚寒胃痛颗粒,6001
血管康口服液,6002
板蓝根含片,6003
血毒胶囊,6004
血宝片,6005
鼻咽解毒胶囊,6006
雪胆胃肠丸,6007
鼻咽清毒剂,6008
眩晕清合剂,6009
眩晕合剂,6010
鼻鼽合剂,6011
静安注射液,6012
橘红膏,6013
桔红片,6014
局方至宝丸,6015
酒肝胶囊,6016
灸甘草合剂,6017
九里明,6018
迥西格巴,6019
筋骨伤胶囊,6020
静痛灵胶囊,6021
决明退障丸,6022
妇灵丸,6023
妇宁片,6024
颈痛灵药酒,6025
颈痛灵郊胶囊,6026
颈宁A注射剂,6027
睛远亮,6028
降温贴,6029
迥西阿汤,6030
康复消炎栓,6031
壳脂胶囊,6032
抗腮糖浆,6033
抗淋巴细胞球蛋白,6034
芙蓉软膏,6035
抗宫炎颗粒,6036
抗感片,6037
妇宝冲剂,6038
妇科红花洗液,6039
康来特注射液,6040
蠲哮片,6041
妇洁洗液,6042
卡林眼水,6043
妇洁阴洗液,6044
妇康宝煎膏,6045
菌桅黄,6046
君杂周巴,6047
觉拉杰巴,6048
金枝洁银含漱液,6049
妇尔爽外用胶囊,6050
接骨糖浆,6051
复方百部酊,6052
芥子,6053
解郁安神颗粒,6054
解语通络胶囊,6055
结石通胶囊,6056
复方北芪口服液,6057
结肠宁,6058
筋伤宁湿敷剂,6059
复方冰栀伤痛气雾剂,6060
金刚藤口服液,6061
接骨和胃饮,6062
接骨合剂,6063
接骨丹,6064
降浊汤,6065
降脂排毒胶囊,6066
降脂灵丸,6067
罗汉果止咳糖浆,6068
接骨丸,6069
金散利咽丸,6070
金银花,6071
金茵利胆口服液,6072
妇炎康颗粒,6073
妇炎康软胶囊,6074
妇炎灵胶囊,6075
妇炎灵泡腾片,6076
金玄利咽颗粒,6077
金灯山根口服液,6078
金酸萍糖浆,6079
复方菝葜颗粒,6080
金钱草胶囊,6081
妇阴洁,6082
金芦利胆排石丸,6083
金苓消石合剂,6084
金连花颗粒,6085
金克颗粒,6086
附子片,6087
扶正抗瘤丸,6088
妇炎平胶囊,6089
连蒲双清胶囊,6090
琉日木布,6091
羚羊清肺胶囊,6092
灵芝片,6093
灵菇合剂,6094
凉血止痒合剂,6095
肺立咳合剂,6096
莲芝消炎胶囊,6097
扶正排毒胶囊,6098
连蒲双清片,6099
硫特他林,6100
粒种子源,6101
利咽灵合剂,6102
肺炎糖浆,6103
肺一丸,6104
痱毒散,6105
痱子水,6106
粉尘螨滴剂,6107
莲心胶囊,6108
六味木香丸,6109
三硝酸丙三脂,6110
罗汉果,6111
律虎补肾生血合剂（二号）,6112
铝凝胶,6113
鹭鸶咯丸,6114
潞党参口服液,6115
龙芪溶栓胶囊,6116
硫酸,6117
六味消安胶囊,6118
方鳖甲软肝片,6119
二仙益肾骨康丸,6120
六味锦鸡汤,6121
六味杜鹃散,6122
六味大托叶云实散,6123
六味啊布消肿散,6124
六灵解毒丸,6125
六合定中丸,6126
利邦平消片,6127
龙胆风湿胶囊,6128
扶芳参芪口服液,6129
利湿口服液,6130
肤洁舒栓剂,6131
肤康搽剂,6132
口咽颗粒,6133
口腔溃疡软膏,6134
肤芩洗剂,6135
空心胶囊,6136
苦地丁汤剂,6137
咳嗽停糖浆,6138
苦黄痔消洗剂,6139
咳清灵颗粒,6140
扶正方贴,6141
扶正固本颗粒,6142
咳平胶囊,6143
咳康含片,6144
扶正化痰饮,6145
咳喘停口服液,6146
姜枣祛寒颗粒,6147
可博利口服液,6148
棱贝通鼻片,6149
咳喘舒片,6150
风湿痹痛丸,6151
风湿定胶囊,6152
理中片,6153
理伤消肿口服液,6154
风湿骨痛片,6155
理气舒心片,6156
苦参栓,6157
莉芙敏片,6158
利胆合剂,6159
勒马回胶囊,6160
老范志万应神曲,6161
蓝根解毒颗粒,6162
莱阳梨止咳糖浆,6163
溃结灵胶囊,6164
苦蛇止痒外洗剂,6165
苦木针,6166
苦金片,6167
风湿寒痛片,6168
瓜娄壳注射液,6169
龟鹿补肾丸,6170
复方蒲公英片,6171
归元筋骨宁湿敷剂,6172
复方蒲芩片,6173
归龙筋骨宁片,6174
冠心苏合软胶囊,6175
冠心丹参软胶囊,6176
复方双花藤止痒搽剂,6177
复方三七丹参胶囊,6178
硅炭银,6179
骨质增生1号,6180
骨折挫伤丸,6181
骨洗二号,6182
复方石韦胶囊,6183
复方石韦颗粒,6184
古古勒嘎日迪,6185
降压欣片,6186
瓜娄仁霜,6187
复方鹿茸健骨胶囊,6188
和营止痛颗粒,6189
和胃片,6190
和胃疗疳颗粒,6191
何首乌,6192
复方羚羊角颗粒,6193
复方硫乳膏,6194
好力骨痛宁贴,6195
复方尿素,6196
复方龙星片,6197
硅霜,6198
海布玻璃丸,6199
哈日嘎布日,6200
哈敦海鲁木勒九味丸,6201
果鸟松汤,6202
复方木芙蓉涂鼻膏,6203
果拉居久,6204
鬼臼丸,6205
宫血停颗粒,6206
海藻消瘤胶囊,6207
复方痔疮栓,6208
复方熊胆通鼻喷雾剂,6209
肝积颗粒,6210
肝胆双清颗粒,6211
甘露饮合剂,6212
甘桔冻梅片,6213
副鼻窦颗粒,6214
复肾宁胶囊,6215
枸椽酸铁铵,6216
复骨健步片,6217
肝乐欣胶囊,6218
复方止咳口服液,6219
复方贞芪扶正汤,6220
复方樟脑,6221
复方章脑丁,6222
复方玉芩胶囊,6223
复方鱼腥草糖浆,6224
复方鱼腥草软胶囊,6225
复合氨基酸9R,6226
高优-13,6227
功劳去火胶襄,6228
葛根汤合剂,6229
葛根清肠颗粒,6230
葛根芩莲丸,6231
葛根颗粒,6232
格旺尼阿,6233
格更格哇,6234
肝康灵颗粒,6235
复方胃宁胶囊,6236
复方芎芍胶囊,6237
感愈胶囊,6238
感冒清热软胶囊,6239
感冒咳嗽颗粒,6240
复方仙鹤草肠炎胶囊,6241
肝苏丸,6242
复方消炎止痒搽剂,6243
肝肾胶囊,6244
红参栓剂,6245
复方胃康宁1号,6246
藿香正气液,6247
复方丹皮止血糖浆,6248
戟生止痛膏,6249
复方胆宁片,6250
蒺藜颗粒,6251
吉如和-6,6252
积雪甙片,6253
复方党参片,6254
核糖核酸,6255
鸡谷草丸,6256
健儿强身膏,6257
霍香正气颗粒,6258
霍苏养胃口服液,6259
霍斛消疮丸,6260
活血壮筋丸,6261
活血应痛丸,6262
活血消肿软膏,6263
活血清脑丸,6264
鸡血藤颗粒,6265
健脾补血片,6266
姜黄汤,6267
江南卷柏片,6268
健胃止血合剂,6269
健胃愈疡薄膜衣片,6270
健胃片,6271
健脾养肝合剂,6272
复方次没食子酸铋,6273
加减胃苓颗粒,6274
健脾化食口服液,6275
健儿乐口服液,6276
健脾补血颗粒,6277
健脑丸,6278
健骨化瘀颗粒,6279
健肝灵片,6280
健肝乐口服液,6281
健儿消食口服液,6282
健儿素颗粒,6283
活血化瘀胶囊,6284
健脾生血片,6285
喉炎丸,6286
复方芙蓉膏,6287
华威立清栓,6288
花红颗粒,6289
花粉,6290
护阴洁洗液,6291
复方吉祥草含片,6292
护阴宝洗液,6293
滑膜炎片,6294
虎杖叶胶囊,6295
滑通尿石片,6296
喉痛灵颗粒,6297
喉康散,6298
红衣补血口服液,6299
红外止咳帖,6300
红花药酒,6301
红归酊,6302
复方卡力孜然酊,6303
二十五味珊蝴丸,6304
琥珀安神丸,6305
黄连清胃丸,6306
\骨藤追风活络胶囊,6307
活血风寒膏,6308
活洛油,6309
复方岗松冲洗剂,6310
魂苏丸,6311
回神颗粒,6312
黄英咳喘糖浆,6313
复方黄芩含漱液,6314
黄麦合剂,6315
复方甘草片,6316
黄根片,6317
黄丹胶囊,6318
黄白胶囊,6319
还听丸,6320
化坚复康胶囊,6321
复方黄柏洗液,6322
化腐生肌散,6323
化风丹,6324
黄萱益肝散,6325
三九胃太颗粒,6326
三萜糖苷,6327
三十一味沉香散,6328
三十三味芳香散,6329
三肾丸,6330
三七止血咀嚼片,6331
三七软化丹,6332
三七冠心宁胶囊,6333
丹桂香颗粒,6334
三棱,6335
三味陶瓦汤散,6336
三金颗粒,6337
三臣丸,6338
赛智阿哇,6339
塞芝尼尕日布,6340
萨仁嘎日迪,6341
润湿烧伤膏,6342
清瘟解毒煎剂2号,6343
三木琼丸剂,6344
散结乳癖贴膏,6345
沙棘干乳颗粒,6346
大黄通便片,6347
沙百润肺颗粒,6348
涩布格觉,6349
大黄V虫丸,6350
桑珠滋阴口服液,6351
桑哇古觉日布,6352
三萜糖苷片,6353
大龙华痔灵,6354
三味檗皮膏散,6355
散结片,6356
大山楂丸,6357
散洁镇痛胶囊,6358
三子散,6359
牛黄清肺片,6360
三仙丹,6361
复方鱼石脂栓,6362
软坚护肝片,6363
桑白皮,6364
清胰利胆片,6365
去痛贴,6366
去腐生新膏,6367
祛腐生肌散,6368
祛风止痛糖衣片,6369
胆石清片,6370
祛斑调经胶囊,6371
清浊祛毒丸,6372
润喉茶冲剂,6373
清胰汤,6374
热敷袋,6375
清咽丸,6376
清咽解毒颗粒,6377
清咽甘露丸,6378
清胸去痨丸,6379
清心丸,6380
当归调经颗粒,6381
二十五味松石,6382
清浊茶,6383
乳康舒胶囊,6384
乳消平胶囊,6385
乳香驱痛熨剂,6386
乳痛丸,6387
乳泰胶囊,6388
乳癖清胶囊,6389
乳癖二号,6390
乳霹散结胶囊,6391
去乙止痒油,6392
乳块消胶囊,6393
胆木浸膏糖浆,6394
如意定喘丸,6395
丹芎跌打膏,6396
丹栀逍遥胶囊,6397
日舒安洗剂,6398
仁庆昂日乐尼啊,6399
人参糖肽注射液,6400
人参茎叶皂苷片,6401
山白消食合剂,6402
乳宁口服液,6403
生肌膏,6404
十六味杜娟花丸,6405
十八味妇病对治丸,6406
施普瑞胶囊,6407
施美乐涂膜剂,6408
施比灵止痒消炎水,6409
胜红清热胶囊,6410
生乳灵,6411
沙棘颗粒冲剂,6412
生肌软膏,6413
十全明目片,6414
生骨散,6415
生白颗粒,6416
升白颗粒,6417
肾炎1号,6418
喘息灵胶囊,6419
肾衰排毒胶囊,6420
肾衰保肾胶囊,6421
生姜,6422
川贝雪梨膏,6423
川贝膏,6424
十五味铁粉散,6425
川贝罗汉止咳颗粒,6426
十味掌参丸,6427
十味乳香丸,6428
十味龙胆花胶囊,6429
十味空行散口服散剂,6430
十七味寒水石丸,6431
十三味马钱子丸,6432
川芎茶调口服液,6433
十三味狼舌散,6434
十三味喉阻龙胆散,6435
川参通,6436
十三味诃子汤散,6437
十三味杜鹃,6438
十三味大彭丸,6439
十三味藏木香汤散,6440
肾毒灵胶囊,6441
十味蒂达胶襄,6442
伤科二号外用药,6443
肾复康冲剂,6444
达桑丘汤,6445
烧烫宁喷雾剂,6446
烧伤止痛药膏,6447
上凉颗粒剂,6448
伤痛一喷灵,6449
伤湿镇痛膏,6450
达布桑杰八,6451
伤口愈合液,6452
蛇油冻疮膏,6453
伤科搽剂,6454
山楂消积丸,6455
山香圆片,6456
山香圆含片,6457
山麦健睥口服液,6458
大黄棱莪颗粒,6459
山麦健脾口服液,6460
清瘟解毒煎剂1号,6461
伤湿解痛膏,6462
刺五茄注射液,6463
砂连和胃胶囊,6464
春血安胶囊,6465
慈春颗粒,6466
神牡安神胶囊,6467
神经细胞生长素,6468
伸筋活络丸,6469
麝香祛痛喷雾剂,6470
蛇伤散,6471
麝香祛风湿膏,6472
创声喷雾剂,6473
麝香活血止痛搽剂,6474
麝香虎骨膏,6475
麝香草酚滴耳液,6476
麝香保珍膏,6477
麝香宝心丸,6478
射干合剂,6479
射干,6480
痤疮王,6481
麝香祛痛搽剂,6482
断血流软胶囊,6483
杜仲活络颗粒,6484
杜仲降压片,6485
杜仲平压胶囊,6486
胖大海清咽糖,6487
胖大海喉宝,6488
胖大海,6489
盘龙七胶囊,6490
牛心,6491
潘高寿,6492
盆炎清栓,6493
诺迪康颗粒,6494
多克炎痛贴,6495
多维元素片(29),6496
暖胃舒乐胶囊,6497
暖宫孕子丸,6498
暖宫七味丸,6499
当归活血丸,6500
盘得高片,6501
普龙八味石榴散,6502
东方烧伤膏,6503
七叶安神,6504
七味血病丸,6505
七味消渴胶囊,6506
冬凌草,6507
七味铁屑丸,6508
七味大汤散,6509
盆草降酶颗粒,6510
七花消炎颗粒,6511
盆痛消散,6512
都夏尼阿,6513
普利胃炎胶囊,6514
朴雪口服液,6515
蒲公英,6516
平胃丸,6517
皮炎一号方贴,6518
皮康王软膏,6519
牛黄镇惊丸,6520
七妙丸,6521
麦冬颗粒,6522
木布基岗杰八,6523
明通治伤风颗粒,6524
明目蒺藜丸,6525
蒙托石散剂,6526
玫瑰花糖膏,6527
蔓荆子,6528
慢咽舒宁胶囊,6529
女金丹丸,6530
脉通丸,6531
脑康灵胶囊,6532
玛日庆13,6533
马应龙龙珠软膏,6534
马氏胃炎康,6535
二十五味能明散,6536
马钱子,6537
洛欣通,6538
洛伐司他汀,6539
慢溃宁灌肠剂,6540
儿童咳液,6541
鹅掌风醋剂,6542
额尔敦乌日勒III号,6543
额日敦乌日勒,6544
牛黄蛇胆川贝片,6545
1号骨炎太宝丸,6546
儿茶,6547
牛黄宁宫片,6548
木瓜颗粒,6549
牛黄化毒片,6550
内消乳核冲剂,6551
儿童清肺丸,6552
尿路康颗粒,6553
儿泻停颗粒,6554
尿毒康口服液,6555
娘雪登巴,6556
脑心康颗粒,6557
脑伤1号协定方,6558
芪参通络胶囊,6559
牛黄解毒胶囊,6560
芩暴红,6561
清白散,6562
青皮,6563
青龙蛇药片,6564
滴耳油,6565
青蛤散,6566
青吹口膏,6567
地鳖虫颗粒,6568
七叶灵颗粒,6569
芩桔清肺浓缩丸,6570
清肺颗粒,6571
羟氯奎,6572
强腰壮骨膏,6573
强阳保肾丸,6574
地麦消渴胶囊,6575
强盛胶囊,6576
强身健脑片,6577
强利痰灵片,6578
芩莲片,6579
清热二十五味丸,6580
清胃颗粒,6581
当归南枣颗粒,6582
清爽膏,6583
清身饮颗粒,6584
清热止痒洗液,6585
当归止痒合剂,6586
党参祛风湿颗粒,6587
清黛散,6588
清热利胆合剂,6589
清毒汤散,6590
清脉颗粒,6591
清络通脉片,6592
清淋片,6593
清降片,6594
清火桅麦胶囊,6595
清火胶囊,6596
清肝胶囊,6597
强力接骨散,6598
清热利咽冲剂,6599
跌打止痛液,6600
强力珍珠眼药水,6601
气管炎菌苗,6602
跌打伤痛膏,6603
跌打生骨颗粒,6604
杞黄健脑胶囊,6605
奇正贴膏,6606
奇应内消膏,6607
千金止带丸,6608
芪乌调脂颗粒,6609
前列闭尔通栓,6610
芪术胶囊,6611
芪术痹湿颗粒,6612
丁细牙痛胶囊,6613
芪龙祛瘀合剂,6614
芪芳气血颗粒,6615
定喘膏,6616
定风止痛胶囊,6617
十五味主汤散,6618
芪蛭降糖胶囊,6619
前脑纳素,6620
定坤丸,6621
强力定旋片,6622
强筋壮骨祛风合剂,6623
颠龙合剂,6624
强肝液,6625
强肝颗粒,6626
调和祛斑胶囊,6627
跌打片,6628
芡实,6629
强力脑心康胶囊,6630
前列腺丸,6631
前列舒痛胶囊颗粒,6632
调脂胶囊,6633
调中颗粒,6634
跌打促愈片,6635
前列清丸,6636
前列平胶囊,6637
前列癃闭通胶囊,6638
调经促孕丸,6639
